,V_count,A_Day,A_Time,Road_Type,Road_Surface,Lighting_Conditions,Weather_Conditions,Casualty_Class,Sex_of_Casualty,Age_of_Casualty,Type_of_Vehicle,Casualty_Severity
0,2,0,3,0,0,3,1,1,1,38,9,0
1,2,2,1,4,0,3,1,1,0,50,1,1
2,2,0,2,4,0,4,1,1,1,26,1,1
3,2,0,4,4,0,4,1,4,0,22,1,1
4,2,0,2,0,3,4,1,1,1,57,12,1
5,2,0,2,0,0,4,1,1,1,59,12,0
6,1,0,4,3,3,4,1,1,0,53,1,0
7,2,0,2,4,3,3,5,4,0,22,1,1
8,2,2,4,3,3,4,1,4,0,20,1,1
9,1,2,4,1,3,3,5,1,1,22,1,1
10,1,2,4,1,3,3,5,4,0,26,1,1
11,5,3,4,4,3,4,5,1,1,35,1,1
12,5,3,1,4,3,4,5,4,0,21,1,1
13,5,3,1,4,3,4,5,4,1,28,1,1
14,2,3,3,4,3,4,5,1,1,53,9,1
15,1,3,4,4,3,4,5,3,0,18,13,1
16,1,3,1,1,3,1,5,1,0,47,1,1
17,2,3,2,0,3,3,5,1,0,30,1,1
18,2,3,4,0,3,3,5,4,1,8,1,1
19,2,3,1,4,3,3,5,1,1,39,1,1
20,2,3,3,4,3,3,5,4,0,39,1,1
21,1,3,3,4,3,3,1,3,1,42,1,1
22,2,1,3,2,3,3,5,1,1,26,12,1
23,1,1,3,4,0,4,1,1,1,58,10,1
24,2,1,2,0,3,3,5,1,0,29,1,1
25,2,1,1,0,3,3,5,1,1,33,13,1
26,2,5,3,2,3,3,5,1,1,43,12,1
27,1,5,3,4,3,4,1,3,1,60,1,1
28,2,6,2,4,0,4,1,1,1,52,9,1
29,1,6,2,4,0,3,1,3,1,33,1,1
30,2,6,2,4,3,4,5,1,1,25,12,1
31,1,6,2,4,3,2,5,3,0,49,1,1
32,2,6,4,4,0,3,1,1,1,39,12,1
33,2,6,1,2,3,4,1,1,1,27,1,1
34,2,6,1,2,3,4,1,4,0,55,1,1
35,2,6,1,4,3,4,1,1,1,72,1,1
36,2,6,3,4,3,3,5,1,1,36,1,1
37,2,6,4,4,3,3,5,4,1,38,1,1
38,2,4,4,0,0,4,1,4,0,2,1,1
39,2,4,4,0,0,4,1,4,0,28,1,1
40,1,4,2,3,3,4,0,1,1,43,3,1
41,2,4,2,4,3,4,1,1,0,44,1,1
42,1,4,4,4,3,4,5,4,0,81,0,1
43,3,4,3,4,0,3,1,1,0,45,1,1
44,3,4,1,4,0,3,1,4,1,21,1,1
45,2,4,2,0,0,1,1,1,0,34,1,1
46,2,4,4,0,0,1,1,1,0,37,1,1
47,1,4,4,4,3,1,5,1,1,26,1,1
48,1,0,3,4,3,4,1,3,1,78,3,0
49,2,0,2,0,0,3,1,1,1,56,8,1
50,1,0,4,4,3,3,1,3,0,11,1,1
51,2,0,3,0,0,3,1,1,0,18,1,1
52,2,0,2,0,0,3,1,4,1,26,1,1
53,2,0,2,0,0,3,1,1,1,42,1,1
54,2,2,1,4,3,3,2,1,1,45,12,0
55,2,2,1,4,3,4,5,1,1,25,10,1
56,3,2,4,3,3,4,1,1,0,54,1,1
57,3,2,4,3,3,4,1,4,1,55,1,1
58,3,2,1,3,3,4,1,4,0,31,1,1
59,4,2,1,0,0,4,1,1,0,40,1,1
60,4,2,4,0,0,4,1,4,1,15,1,1
61,4,2,1,0,0,4,1,1,0,30,1,1
62,2,2,3,0,3,3,5,1,1,23,1,1
63,2,2,2,0,3,3,5,1,0,29,1,1
64,1,2,2,4,3,3,5,3,0,60,1,0
65,1,2,1,0,3,3,5,3,0,47,1,1
66,1,2,4,4,0,3,1,3,1,63,1,1
67,4,3,4,0,3,4,0,1,0,29,1,1
68,4,3,4,0,3,4,0,4,1,6,1,1
69,2,3,1,4,0,4,1,1,0,80,1,1
70,2,1,4,3,3,4,1,4,1,57,9,1
71,2,1,4,0,3,4,1,1,1,36,12,0
72,1,1,4,4,3,4,1,3,0,49,13,1
73,2,1,3,4,0,4,1,1,0,80,1,0
74,4,1,2,0,3,3,1,1,1,60,1,1
75,2,1,1,4,3,3,1,1,1,29,10,1
76,2,5,3,0,3,4,1,1,1,45,12,0
77,2,5,2,0,0,3,1,4,0,50,1,1
78,1,4,1,4,0,3,1,3,1,47,1,1
79,2,6,3,4,0,4,1,1,0,54,1,1
80,2,5,2,0,0,4,1,1,1,51,12,0
81,1,6,1,4,0,4,1,3,1,11,1,1
82,3,6,1,3,3,1,1,1,1,40,1,1
83,3,6,3,3,3,1,1,1,1,22,1,1
84,2,6,4,0,3,3,5,4,1,20,1,0
85,2,6,2,0,3,3,5,4,1,20,1,1
86,2,6,3,0,3,3,5,1,1,33,1,1
87,3,4,2,4,1,4,6,1,1,30,1,1
88,3,4,4,4,1,4,6,1,0,35,1,1
89,1,6,1,4,0,3,1,3,0,30,1,1
90,1,4,4,0,0,4,1,3,1,20,1,1
91,2,4,1,4,0,4,1,1,0,62,1,1
92,1,4,2,4,3,3,1,1,1,36,1,1
93,2,4,2,0,0,3,1,1,1,68,1,0
94,2,4,3,4,0,3,1,1,1,23,12,1
95,2,4,4,4,0,3,1,1,1,27,1,1
96,2,4,1,4,0,3,1,4,0,21,1,1
97,2,4,3,4,3,4,5,1,1,52,12,1
98,1,0,3,4,3,4,1,1,1,57,12,1
99,1,0,2,4,3,4,1,3,1,26,12,1
100,1,0,3,4,1,3,1,1,0,17,5,1
101,2,0,2,2,3,3,5,1,0,31,1,1
102,2,0,1,4,3,3,1,1,1,37,1,1
103,2,0,4,4,3,4,5,4,0,26,1,0
104,2,0,1,4,3,4,5,4,1,7,1,1
105,2,0,4,4,3,4,5,4,1,7,1,1
106,1,2,1,4,0,4,1,1,0,23,1,1
107,2,2,1,0,3,4,1,1,1,28,1,1
108,2,2,4,4,0,4,1,1,0,84,7,1
109,2,2,3,0,0,4,1,1,1,47,1,1
110,2,2,2,0,0,4,1,1,1,41,1,1
111,2,2,4,0,3,4,1,1,0,53,1,1
112,1,2,1,4,0,4,1,4,1,11,0,0
113,1,2,2,4,2,3,7,1,1,19,5,1
114,2,1,3,4,0,3,1,1,1,26,12,1
115,2,1,1,3,0,3,1,1,0,48,1,1
116,2,1,2,4,3,4,5,1,0,58,1,0
117,2,1,1,0,3,3,1,1,0,40,12,0
118,2,1,1,4,3,3,3,1,1,49,12,1
119,2,1,4,4,3,3,1,1,0,26,1,1
120,2,1,1,4,3,3,1,4,0,14,1,1
121,2,5,4,4,3,4,8,3,1,17,1,1
122,1,5,3,4,0,4,1,3,0,42,1,0
123,1,5,4,4,3,3,1,3,0,12,1,1
124,2,5,2,0,0,3,1,1,1,27,1,1
125,2,5,3,0,0,3,1,4,1,31,1,1
126,2,5,1,0,0,3,1,4,1,29,1,1
127,2,5,1,0,0,3,1,4,1,28,1,1
128,2,6,4,4,0,3,8,1,0,40,12,1
129,2,6,4,2,0,4,8,1,1,32,12,1
130,2,6,2,4,3,1,1,1,1,73,1,0
131,2,6,3,4,3,1,1,1,1,47,1,1
132,2,6,3,4,0,3,1,4,1,33,1,1
133,1,6,4,4,3,4,5,3,0,15,1,1
134,1,6,4,4,3,3,3,1,1,25,1,1
135,2,6,3,4,3,3,1,1,0,27,1,1
136,1,4,4,4,1,4,1,1,1,16,5,1
137,1,4,1,4,1,4,1,3,0,52,1,1
138,1,4,3,4,1,4,1,3,1,33,1,1
139,2,4,3,0,3,4,8,1,1,62,1,1
140,1,4,3,4,3,3,5,3,1,12,1,1
141,1,4,3,4,3,3,5,3,1,43,1,1
142,2,4,2,4,3,3,5,1,1,22,1,0
143,2,4,1,0,3,3,1,1,0,64,1,1
144,2,4,3,0,3,3,1,4,0,15,1,1
145,2,0,2,2,3,4,5,1,0,51,1,1
146,1,0,3,4,0,4,1,3,1,10,1,1
147,2,0,4,4,3,3,8,1,1,21,12,1
148,2,0,3,0,3,3,1,1,1,15,12,1
149,2,2,4,0,3,3,5,1,0,25,1,1
150,2,2,4,0,3,3,5,4,1,21,1,1
151,2,2,4,0,3,3,5,1,1,33,1,1
152,1,2,4,4,3,3,1,3,1,42,1,0
153,1,2,1,0,3,3,5,4,1,25,1,0
154,2,2,2,0,3,3,1,1,1,31,1,1
155,3,3,1,0,3,4,1,1,1,63,1,1
156,2,3,1,4,3,3,1,1,1,40,12,1
157,1,1,1,2,0,4,1,3,0,27,1,1
158,2,1,3,0,0,4,1,1,0,63,1,1
159,2,1,4,4,0,4,1,4,1,20,1,1
160,2,1,4,4,0,4,1,1,0,66,1,1
161,1,5,1,4,3,4,5,3,1,28,1,1
162,1,5,1,4,0,4,8,3,1,21,1,1
163,2,5,3,4,0,3,1,1,0,59,1,1
164,1,5,2,4,3,4,1,4,0,46,0,1
165,2,5,3,4,0,4,8,4,0,19,1,1
166,2,5,1,4,0,4,8,4,1,19,1,1
167,2,5,3,4,0,4,8,4,0,19,1,1
168,2,6,2,4,0,4,8,4,0,43,1,1
169,2,6,4,4,0,4,1,1,1,40,1,1
170,2,6,2,3,0,3,1,1,0,28,1,1
171,2,4,4,4,0,3,1,1,1,41,12,0
172,2,4,2,4,3,4,1,1,1,50,12,1
173,1,0,1,4,0,3,8,3,0,14,1,1
174,2,4,3,0,3,3,4,1,1,48,1,1
175,2,4,1,0,3,3,4,4,0,36,1,1
176,1,4,1,2,0,3,8,3,0,30,1,0
177,2,4,3,0,3,4,1,1,1,21,12,1
178,2,4,1,4,3,3,5,1,0,43,12,1
179,2,0,3,0,3,4,1,1,1,60,1,1
180,1,4,4,4,3,3,1,3,1,20,13,1
181,2,0,3,4,3,4,1,1,1,18,5,1
182,3,0,1,4,0,3,1,1,0,22,1,1
183,1,0,4,4,0,3,8,1,1,26,10,1
184,2,4,4,2,0,3,8,1,1,47,12,1
185,1,0,2,0,3,4,1,3,0,22,13,1
186,2,0,4,4,3,4,4,1,0,29,1,1
187,2,0,1,0,3,4,0,1,0,38,1,1
188,1,6,1,4,0,4,8,3,1,26,1,1
189,2,0,2,4,0,4,0,1,1,21,12,1
190,4,0,2,1,3,1,1,1,0,25,1,1
191,4,0,1,1,3,1,1,1,1,41,1,1
192,4,0,4,1,3,1,1,1,1,23,1,1
193,4,0,1,1,3,1,1,1,0,24,1,1
194,2,0,3,4,0,3,8,1,1,24,12,1
195,1,0,4,4,0,3,0,3,1,70,1,1
196,2,0,1,2,0,3,8,1,1,33,13,1
197,1,2,4,2,0,2,8,1,1,35,2,0
198,1,2,4,2,3,4,1,3,0,81,1,1
199,2,2,3,0,3,4,6,1,1,33,12,1
200,1,2,2,3,3,3,7,1,1,48,1,1
201,2,3,1,4,3,4,1,1,0,37,1,1
202,2,3,1,4,3,4,1,1,1,28,1,1
203,2,3,4,4,3,4,1,4,0,20,1,1
204,2,3,1,4,3,4,1,4,0,7,1,1
205,2,3,1,4,3,4,1,4,1,6,1,1
206,1,3,1,4,3,4,1,3,1,28,1,1
207,2,3,4,4,0,4,1,1,1,41,12,1
208,1,3,3,0,3,3,1,1,1,64,1,1
209,1,3,4,4,0,4,0,3,1,20,13,1
210,2,1,4,4,3,3,0,1,1,34,1,1
211,2,0,4,0,0,3,8,1,0,23,1,1
212,1,1,4,4,3,4,1,3,1,28,1,1
213,3,1,1,4,0,4,0,1,0,52,1,1
214,3,1,4,4,0,4,0,1,0,66,1,1
215,1,1,4,4,0,4,0,3,0,85,1,1
216,2,1,2,4,0,4,8,4,1,6,1,1
217,2,1,3,4,0,4,8,4,0,9,1,1
218,2,1,4,4,0,4,8,4,0,10,1,1
219,1,1,1,4,0,4,1,3,0,26,2,1
220,2,5,2,3,0,4,0,1,1,31,1,1
221,2,5,2,3,0,4,1,1,0,73,1,1
222,2,5,3,0,3,3,8,1,1,41,12,1
223,2,5,3,4,3,3,3,1,1,24,8,1
224,2,6,2,4,0,4,1,4,0,28,1,1
225,2,6,3,4,0,4,1,1,1,48,1,1
226,3,6,2,0,0,4,1,4,0,47,1,1
227,1,6,2,0,0,4,1,3,0,24,1,1
228,1,6,1,4,0,4,1,3,0,86,1,0
229,3,6,1,0,0,4,8,1,0,80,1,1
230,3,6,2,0,0,4,8,4,0,83,1,0
231,3,6,4,0,0,4,8,1,1,42,1,1
232,2,6,3,4,3,4,1,1,1,24,12,0
233,1,6,4,4,3,4,1,3,0,86,1,1
234,3,6,3,3,0,3,1,1,0,41,1,1
235,2,6,1,4,3,4,1,4,1,77,0,1
236,2,6,1,0,0,4,8,1,0,32,1,1
237,3,5,1,4,0,4,1,1,1,36,13,1
238,1,4,1,4,3,3,5,3,1,20,13,0
239,1,4,1,4,3,3,5,4,0,19,13,1
240,2,6,4,4,3,4,1,1,0,30,1,1
241,2,4,1,4,0,4,1,4,1,8,1,1
242,3,4,2,4,0,3,1,4,0,31,1,1
243,3,4,4,4,0,3,1,4,0,23,1,1
244,1,0,2,4,0,3,1,3,1,22,1,0
245,2,2,1,2,3,1,0,1,1,29,1,1
246,2,2,1,2,3,1,0,4,0,29,1,1
247,1,0,1,4,0,4,1,1,1,22,10,0
248,1,0,2,4,0,4,1,3,0,52,10,1
249,1,0,1,4,0,4,1,3,0,38,10,1
250,2,0,3,0,0,4,1,1,1,50,1,1
251,2,0,4,4,0,4,1,1,1,29,1,1
252,2,0,3,4,0,4,1,1,1,52,1,1
253,2,0,3,4,0,3,8,1,1,24,12,1
254,1,2,3,0,3,4,5,4,0,22,1,1
255,2,2,2,3,3,4,5,1,1,70,1,1
256,2,2,4,0,3,4,5,1,0,43,1,1
257,2,2,3,4,3,4,1,4,1,18,8,0
258,2,2,2,0,0,4,8,4,0,37,1,1
259,2,3,2,4,3,3,5,1,1,25,12,0
260,2,2,4,0,0,4,8,1,1,40,12,1
261,1,3,1,0,0,4,8,4,0,4,0,1
262,2,3,2,2,3,3,4,1,0,69,1,1
263,2,3,1,2,3,3,4,1,1,38,1,1
264,2,3,4,2,3,3,4,4,1,18,1,1
265,2,3,2,2,3,3,4,4,0,2,1,1
266,2,3,1,4,0,2,8,1,0,72,1,1
267,2,3,3,4,0,2,8,4,1,80,1,1
268,4,3,4,3,3,1,4,1,0,35,1,1
269,4,3,3,3,3,1,4,4,0,3,1,1
270,4,3,1,3,3,1,4,4,0,5,1,1
271,2,3,1,4,3,3,5,1,1,48,13,1
272,2,1,4,4,3,4,4,1,1,25,10,1
273,2,1,3,0,3,4,5,1,1,24,1,1
274,1,2,3,4,0,3,8,3,0,46,13,1
275,2,1,2,4,3,4,5,1,1,29,12,1
276,2,1,4,4,3,4,1,4,1,46,1,1
277,3,1,2,4,3,3,1,1,1,36,13,0
278,3,1,1,4,3,3,1,1,0,22,1,1
279,2,1,3,0,3,3,4,1,0,23,12,1
280,2,5,1,4,3,4,5,1,1,20,10,1
281,5,5,3,0,3,4,1,1,1,40,1,1
282,2,5,4,4,0,4,1,1,0,20,1,0
283,1,5,1,4,0,4,8,3,0,70,1,1
284,2,5,1,0,0,4,1,1,1,20,10,1
285,2,5,4,0,0,3,8,1,0,71,1,1
286,2,5,1,4,0,4,1,1,0,44,1,1
287,2,5,2,4,0,4,1,1,0,14,12,1
288,2,5,2,0,0,4,1,1,0,32,1,1
289,2,5,2,0,0,4,1,1,1,42,1,1
290,1,6,1,4,0,4,1,3,0,41,1,1
291,2,6,1,0,0,4,8,1,1,25,12,1
292,2,6,3,0,0,4,1,1,1,40,10,0
293,1,6,2,0,0,4,1,3,1,77,0,1
294,2,6,1,0,0,4,1,4,0,73,1,1
295,3,6,2,0,0,3,1,1,0,65,1,1
296,3,6,4,0,0,3,1,4,0,7,1,1
297,3,6,2,0,0,3,1,4,0,16,1,1
298,3,6,2,0,0,3,1,4,0,15,1,1
299,3,6,1,0,0,3,1,4,0,15,1,1
300,2,6,4,4,0,3,1,1,0,30,1,1
301,2,6,3,0,0,3,8,1,1,30,1,1
302,2,6,4,4,0,3,1,1,1,31,1,1
303,2,4,2,0,0,4,1,1,0,43,1,1
304,2,4,1,0,3,4,1,1,0,39,1,1
305,3,4,4,3,0,4,1,1,0,20,1,1
306,2,4,1,4,0,4,1,4,0,22,1,1
307,2,4,1,0,0,4,8,1,1,30,12,1
308,2,4,3,0,0,3,1,1,1,19,1,1
309,2,0,4,4,3,4,1,1,1,28,1,1
310,2,0,2,3,0,4,1,4,0,16,1,1
311,1,0,1,4,3,4,1,3,0,10,1,1
312,1,0,3,3,3,3,1,4,0,23,1,1
313,2,0,4,3,3,3,1,4,0,48,1,1
314,2,0,2,4,0,3,1,1,1,51,12,1
315,1,2,4,4,3,3,1,3,0,30,1,1
316,3,2,2,0,0,4,8,1,0,64,1,1
317,3,2,4,0,0,4,8,1,0,51,1,1
318,3,2,3,0,0,4,8,1,0,38,1,1
319,3,2,4,0,0,4,8,4,0,53,1,1
320,2,0,3,0,0,4,1,1,0,26,12,1
321,1,2,2,3,3,4,1,4,0,44,1,1
322,2,2,4,2,0,3,8,1,0,22,1,1
323,2,2,3,2,0,3,8,4,1,20,1,1
324,2,3,3,0,0,4,1,1,1,62,12,0
325,2,3,2,2,0,4,1,4,0,32,1,1
326,2,3,3,0,0,4,1,1,1,29,12,1
327,3,1,2,0,0,4,1,1,1,28,1,1
328,3,1,1,0,0,4,1,1,1,51,1,1
329,1,1,2,4,1,4,1,3,1,9,1,0
330,2,1,3,0,0,4,1,1,1,59,12,1
331,1,1,1,4,1,1,5,1,0,22,1,1
332,3,1,1,0,0,3,1,1,1,67,13,0
333,3,5,2,0,1,4,1,1,0,25,1,1
334,5,5,4,4,0,4,1,1,0,20,1,1
335,2,5,1,0,0,4,1,1,1,53,12,1
336,2,5,2,0,0,4,1,1,0,45,1,1
337,2,5,4,4,3,3,1,1,0,46,7,1
338,1,5,3,0,3,3,1,1,1,26,1,1
339,1,6,4,4,3,4,8,3,0,15,1,1
340,2,5,4,4,0,4,8,1,1,26,12,1
341,1,6,3,4,3,3,8,3,1,17,2,1
342,4,6,4,4,3,3,5,4,0,49,1,1
343,1,4,3,4,1,4,5,4,0,18,1,1
344,2,6,3,4,0,3,8,1,1,27,1,1
345,1,4,4,4,1,4,1,1,1,35,1,1
346,2,4,4,3,0,4,1,4,1,59,1,1
347,2,4,3,4,0,4,8,4,0,45,1,1
348,2,4,3,4,0,4,1,1,1,63,12,1
349,2,4,1,0,0,4,8,1,1,39,12,1
350,2,4,3,4,0,3,8,1,1,22,1,1
351,1,1,4,4,0,4,8,3,1,61,1,0
352,2,4,2,4,0,4,1,1,1,19,10,1
353,1,4,4,2,0,4,1,4,0,20,0,1
354,2,4,3,0,0,3,1,1,0,52,1,1
355,1,4,1,4,0,3,1,3,0,52,1,0
356,2,4,4,4,0,3,1,1,1,19,1,1
357,2,4,4,4,0,3,1,1,1,20,1,1
358,2,4,4,4,0,3,1,4,1,21,1,1
359,2,4,3,4,0,3,1,4,1,31,1,1
360,2,4,4,0,3,4,1,1,1,46,0,1
361,2,0,2,0,3,4,1,4,1,19,1,1
362,1,0,3,4,3,3,6,4,1,18,1,1
363,1,0,3,4,3,3,1,3,0,20,1,1
364,2,0,4,2,3,3,1,4,1,46,1,1
365,2,0,1,2,3,3,1,4,0,19,1,1
366,2,2,3,4,0,4,1,1,0,35,1,1
367,2,0,2,4,0,4,8,1,0,29,1,1
368,2,3,4,4,0,4,8,1,1,38,12,0
369,1,1,3,4,0,4,1,3,1,78,1,1
370,1,1,1,4,0,4,1,1,1,51,9,1
371,4,1,1,4,0,4,1,1,1,22,1,1
372,4,1,1,4,0,4,1,1,1,33,1,1
373,1,1,4,4,0,4,1,3,1,45,1,1
374,3,1,2,4,0,4,1,1,1,24,1,1
375,2,5,3,4,0,4,1,1,1,37,2,1
376,1,5,1,0,0,4,1,1,1,64,2,1
377,1,5,4,4,0,4,8,4,1,58,13,1
378,3,6,1,3,0,4,1,1,1,50,2,1
379,3,6,2,3,0,4,1,1,1,52,1,1
380,1,5,3,4,0,4,8,3,0,15,0,1
381,1,4,4,4,0,3,1,4,1,18,1,1
382,1,4,2,0,1,4,1,1,0,22,1,1
383,2,4,3,4,0,4,1,1,1,23,1,1
384,2,4,4,4,0,4,1,1,1,22,1,1
385,2,4,4,4,0,4,1,4,1,25,1,1
386,2,4,3,4,0,4,1,1,0,49,12,1
387,2,4,1,0,0,4,1,1,1,49,2,1
388,3,4,3,0,0,4,1,1,1,24,9,1
389,2,4,2,0,0,4,1,4,0,60,1,1
390,2,4,1,4,0,4,1,1,0,53,1,1
391,1,4,3,4,0,4,8,3,0,20,1,1
392,1,4,1,4,0,4,8,3,0,14,1,1
393,2,4,4,4,0,2,8,1,1,25,1,1
394,2,0,2,4,0,4,8,1,1,15,12,1
395,2,0,1,4,0,4,1,4,0,77,1,1
396,4,0,3,3,0,4,1,1,1,46,1,1
397,4,0,1,3,0,4,1,1,1,25,1,1
398,4,0,4,3,0,4,1,1,1,76,1,1
399,4,0,3,3,0,4,1,1,1,26,1,1
400,2,3,3,4,0,4,1,1,1,38,12,0
401,1,0,4,0,0,4,8,4,1,1,0,1
402,2,2,3,4,3,4,1,1,1,20,1,0
403,2,0,3,4,0,3,8,1,1,45,13,1
404,2,2,2,4,0,3,1,4,1,25,1,0
405,2,2,4,4,0,3,1,1,1,45,1,1
406,2,2,2,4,0,3,1,4,0,41,1,1
407,2,2,3,4,0,3,1,4,0,43,1,1
408,2,2,1,4,0,3,1,4,0,42,1,1
409,2,2,1,4,0,3,1,4,1,24,1,1
410,1,2,3,4,0,1,1,1,1,16,10,0
411,2,2,3,0,0,3,1,1,1,68,1,1
412,2,2,2,0,0,3,1,4,0,65,1,1
413,2,2,3,0,0,3,1,4,0,42,1,1
414,2,2,4,0,0,3,1,1,0,25,1,1
415,2,3,4,0,0,4,1,1,1,40,12,1
416,3,3,3,4,0,4,1,1,0,50,12,1
417,2,3,2,4,0,3,1,1,1,47,6,1
418,2,3,3,4,0,3,1,1,0,58,1,1
419,2,3,1,4,0,3,1,4,1,57,1,0
420,2,3,1,4,0,3,1,4,1,11,1,1
421,2,3,2,4,0,3,1,4,1,14,1,1
422,2,3,3,3,0,3,1,4,0,27,1,1
423,2,3,4,3,0,3,1,4,0,5,1,1
424,2,3,1,2,3,3,1,4,1,17,13,1
425,3,1,4,3,0,4,1,1,1,53,1,1
426,2,1,2,0,0,4,1,1,0,48,1,1
427,2,1,1,4,0,4,1,1,1,16,5,1
428,2,1,4,3,0,4,1,1,1,31,1,1
429,2,1,4,4,0,4,1,1,1,40,1,1
430,2,1,4,0,3,3,5,1,1,25,1,1
431,2,1,3,0,3,3,5,1,0,49,1,1
432,1,5,4,1,3,4,1,1,1,54,3,1
433,2,5,1,4,0,4,5,1,1,21,12,1
434,2,5,1,4,3,4,1,1,1,40,1,1
435,2,5,4,4,0,3,1,1,1,46,12,1
436,1,5,2,4,0,3,1,3,0,75,13,0
437,1,6,2,4,1,4,8,1,1,33,10,1
438,3,6,2,4,0,4,8,1,1,27,2,1
439,1,6,4,0,2,4,7,3,0,25,1,0
440,3,6,1,4,2,4,8,1,1,39,1,1
441,3,6,3,4,2,4,8,1,0,38,1,1
442,3,6,4,4,2,4,8,1,0,79,1,1
443,1,6,4,0,2,4,7,1,1,19,10,1
444,2,6,1,4,0,4,8,4,0,45,0,1
445,2,6,4,4,0,4,8,4,0,42,0,1
446,2,6,4,4,1,4,8,3,1,48,1,1
447,2,6,1,0,0,4,8,1,1,42,1,1
448,2,6,4,2,3,3,5,1,1,56,12,1
449,2,6,2,4,0,4,8,1,0,34,1,1
450,1,6,3,4,0,4,1,3,1,14,1,0
451,3,5,2,0,0,4,1,1,1,19,12,1
452,1,6,3,4,3,4,1,3,1,44,1,1
453,2,6,3,4,3,4,1,4,0,14,1,1
454,1,4,4,0,0,4,1,3,0,11,1,1
455,2,4,3,0,3,3,1,4,0,60,0,1
456,3,4,3,0,3,3,5,1,1,21,1,1
457,2,0,2,4,1,4,7,4,1,2,1,1
458,2,4,4,4,0,4,1,1,1,21,12,1
459,2,2,3,4,3,4,1,1,0,39,1,1
460,2,2,3,4,3,4,1,4,0,44,1,1
461,2,2,1,3,0,4,1,4,0,45,1,1
462,2,2,4,0,3,4,1,1,1,74,1,1
463,2,2,1,0,3,4,1,1,1,49,13,1
464,2,3,2,4,0,4,1,1,1,37,1,1
465,2,3,2,4,0,4,1,4,0,39,1,0
466,2,3,4,4,0,4,1,1,1,42,1,1
467,2,3,4,4,0,4,1,4,1,11,1,0
468,2,3,2,4,0,4,1,4,1,9,1,1
469,2,3,2,4,0,4,1,4,1,2,1,1
470,2,3,3,4,0,4,8,1,1,35,1,1
471,2,3,3,4,0,4,8,4,0,11,1,1
472,3,3,2,0,0,4,1,4,0,20,1,1
473,3,3,3,0,0,4,1,1,1,47,1,1
474,1,3,1,4,0,4,1,1,0,52,1,1
475,2,3,4,4,0,4,1,1,1,29,12,1
476,1,3,2,4,0,3,1,1,1,37,1,1
477,2,1,2,4,0,4,1,1,1,43,12,1
478,1,1,3,4,0,4,1,3,0,15,1,0
479,2,1,3,3,0,4,1,1,0,24,1,1
480,2,1,1,3,0,4,1,4,1,30,1,1
481,1,1,2,4,0,4,1,1,1,31,12,1
482,1,1,1,4,0,4,1,3,0,55,12,1
483,1,1,4,4,0,4,1,3,1,6,12,1
484,1,1,3,4,0,4,1,3,1,5,12,1
485,1,1,1,4,0,4,1,4,0,45,0,1
486,1,1,1,0,0,4,1,3,0,9,1,1
487,2,1,2,0,0,4,8,1,1,61,3,1
488,1,1,4,4,0,4,1,1,1,50,1,1
489,2,1,3,4,0,2,8,1,0,45,1,1
490,2,1,4,4,0,3,1,1,1,39,1,1
491,2,5,4,4,0,2,8,1,0,53,1,1
492,2,6,3,4,3,4,5,1,1,36,1,1
493,2,6,2,4,3,4,5,1,0,22,1,1
494,2,6,1,4,3,4,5,1,1,40,12,1
495,1,6,4,4,3,4,5,4,0,82,0,0
496,2,6,4,4,3,4,5,1,1,60,1,1
497,1,6,4,4,0,4,1,3,1,5,1,1
498,1,6,2,4,3,4,5,3,1,57,1,1
499,2,4,2,0,0,4,1,4,0,24,0,0
500,2,4,2,4,0,4,8,1,1,74,1,1
501,2,4,4,3,0,4,1,4,0,18,1,1
502,2,4,2,3,0,4,1,1,0,23,1,1
503,2,4,3,4,0,4,1,1,1,49,1,0
504,2,0,4,0,0,4,8,1,1,33,9,1
505,2,0,3,0,0,1,1,1,0,23,1,0
506,2,0,4,0,0,1,1,4,1,47,1,1
507,2,0,3,0,0,1,1,1,1,50,1,1
508,1,2,3,3,0,4,1,1,1,45,1,1
509,4,2,1,0,0,3,1,4,1,28,9,1
510,1,2,3,4,0,3,1,3,1,35,13,1
511,1,3,3,4,0,4,8,3,0,31,1,1
512,1,3,1,0,0,4,8,3,1,67,1,1
513,2,3,2,0,0,4,1,1,1,71,1,1
514,1,3,3,3,0,3,1,1,1,22,2,0
515,2,1,4,0,0,4,1,1,1,46,12,1
516,1,5,3,0,0,4,1,4,0,53,0,1
517,3,5,1,1,0,4,1,1,1,41,2,1
518,2,5,1,4,0,4,1,1,1,30,10,1
519,2,5,3,2,0,3,1,1,1,70,1,1
520,1,6,2,2,0,4,1,3,0,7,1,1
521,2,6,3,3,0,4,1,1,0,33,1,1
522,2,6,1,3,0,4,1,1,1,54,1,1
523,2,6,4,4,0,4,1,1,1,47,9,0
524,3,4,4,4,0,4,1,1,1,62,1,1
525,3,4,3,4,0,4,1,1,0,53,1,1
526,2,4,1,4,0,4,8,1,1,12,12,1
527,2,6,2,4,0,4,8,1,1,30,12,1
528,2,4,1,0,0,4,1,1,1,36,12,1
529,2,0,1,0,0,4,1,1,0,51,1,1
530,2,0,2,4,0,4,1,4,0,24,13,1
531,2,0,4,0,3,4,1,1,1,22,10,1
532,2,0,3,4,0,3,1,1,0,37,1,1
533,2,2,1,1,0,1,1,1,0,22,1,1
534,2,2,3,1,0,1,1,4,0,20,1,0
535,2,2,4,3,0,4,1,1,0,34,1,1
536,2,2,3,3,0,4,1,4,0,65,1,1
537,2,2,1,4,0,4,1,1,0,63,1,1
538,2,3,2,0,0,4,1,1,1,45,12,0
539,2,3,3,0,0,4,8,4,0,28,13,1
540,1,3,3,3,0,4,1,4,1,18,1,1
541,2,3,2,4,0,4,1,1,1,19,1,1
542,2,3,4,4,0,4,1,1,1,79,1,1
543,2,3,1,4,0,4,1,4,0,79,1,1
544,3,3,4,4,0,4,1,1,0,31,1,1
545,3,3,3,4,0,4,1,4,1,5,1,1
546,3,3,2,4,0,4,1,1,0,43,1,1
547,3,3,2,4,0,4,1,4,1,7,1,1
548,3,3,1,4,0,4,1,4,1,8,1,1
549,2,3,1,0,0,3,1,4,0,18,1,1
550,2,1,4,3,0,3,1,4,1,45,1,1
551,1,1,2,4,0,4,1,4,0,57,0,1
552,2,5,4,4,0,4,1,1,0,39,1,1
553,2,5,1,0,0,4,1,4,0,18,1,1
554,1,5,1,4,0,3,1,3,0,22,1,0
555,3,6,2,4,0,4,1,1,1,37,1,1
556,1,6,1,0,0,4,1,1,1,43,9,0
557,2,5,3,4,0,4,1,1,1,51,0,1
558,2,5,2,4,0,4,1,4,1,55,0,1
559,2,4,4,4,0,2,8,1,1,15,12,1
560,4,0,1,1,3,4,1,1,1,47,1,1
561,4,0,2,1,3,4,1,1,0,37,1,1
562,4,0,4,1,3,4,1,4,0,13,1,1
563,4,0,2,1,3,4,1,4,0,7,1,1
564,4,0,1,1,3,4,1,1,1,27,1,1
565,4,0,4,1,3,4,1,1,1,23,1,1
566,4,0,2,1,3,4,1,1,1,64,1,1
567,4,0,1,1,3,4,1,1,0,34,1,1
568,2,0,2,4,0,4,1,4,0,25,1,1
569,1,0,4,4,0,4,1,1,1,67,9,0
570,2,0,1,3,0,4,1,1,0,28,1,1
571,1,2,4,4,0,4,1,3,1,46,1,1
572,1,2,1,3,0,4,1,1,1,30,1,0
573,2,2,2,0,0,4,1,1,1,29,1,1
574,1,2,4,4,0,4,1,3,1,20,1,1
575,1,2,2,3,3,4,5,4,0,55,1,1
576,2,3,1,4,0,4,1,4,1,25,1,1
577,2,3,2,0,0,4,1,4,0,34,1,1
578,1,3,3,2,3,4,5,3,0,11,1,0
579,3,3,4,4,3,4,4,4,0,19,1,1
580,1,3,4,3,0,4,1,1,1,21,1,1
581,1,3,4,4,0,2,8,3,1,58,1,1
582,1,3,2,4,0,2,8,3,0,28,1,1
583,2,1,2,0,0,4,1,1,0,68,1,1
584,2,1,2,0,0,4,1,1,0,28,1,1
585,2,1,1,4,0,4,1,1,1,21,10,0
586,2,1,2,0,0,4,1,1,0,55,1,1
587,2,1,4,0,0,4,1,4,1,18,1,1
588,2,5,1,0,0,4,1,1,0,46,1,1
589,2,5,4,0,0,4,1,1,0,43,1,1
590,2,5,1,0,0,4,1,4,1,6,1,1
591,2,5,4,4,0,4,1,1,1,25,1,1
592,2,5,2,4,3,3,5,4,0,3,1,1
593,2,4,2,4,3,4,1,1,0,24,1,1
594,1,5,2,0,0,4,1,3,1,30,1,0
595,3,6,3,4,0,4,1,1,0,25,1,1
596,2,6,2,4,0,4,1,1,1,44,1,1
597,2,6,2,0,0,4,1,1,0,35,1,1
598,2,6,3,4,0,4,1,1,0,17,1,1
599,2,6,3,4,0,4,1,4,1,35,1,1
600,1,4,2,4,0,4,8,3,1,32,0,1
601,1,6,3,4,0,3,1,4,0,67,0,1
602,1,6,4,2,0,4,1,3,1,50,1,1
603,2,6,3,0,0,4,1,1,1,19,12,0
604,2,6,1,0,0,4,1,4,0,28,13,1
605,2,6,4,0,0,4,1,4,1,29,13,1
606,2,6,4,3,0,4,1,1,0,22,1,1
607,2,6,1,4,0,4,1,1,0,33,1,1
608,1,6,3,4,0,1,1,4,1,19,1,1
609,2,4,2,4,0,4,1,1,1,59,8,1
610,2,4,2,2,0,4,1,1,1,45,1,1
611,2,4,3,0,3,4,5,4,0,25,1,1
612,2,4,4,0,3,4,5,4,1,17,1,1
613,2,6,1,4,0,4,1,3,1,5,1,1
614,2,4,1,4,0,4,1,1,1,47,1,1
615,1,4,4,0,0,4,1,1,1,57,1,1
616,1,4,1,4,0,4,1,3,1,8,1,1
617,2,4,1,0,0,4,1,1,0,44,1,1
618,1,4,4,0,0,4,1,3,0,17,9,1
619,1,4,2,2,0,3,1,1,1,18,1,1
620,2,0,3,4,0,4,1,1,1,32,10,0
621,1,0,1,0,0,4,1,1,1,31,1,1
622,1,2,2,4,3,4,5,4,0,30,1,1
623,2,2,2,3,3,4,1,1,1,59,1,1
624,2,2,2,3,3,4,1,4,1,28,1,1
625,2,2,3,3,3,4,1,4,0,46,1,1
626,2,2,3,3,3,4,1,4,0,60,1,1
627,2,2,1,3,3,4,1,1,0,24,1,1
628,2,2,4,3,3,4,1,4,1,27,1,1
629,2,2,3,3,3,4,1,4,1,3,1,1
630,2,2,1,0,0,4,1,1,1,34,9,0
631,2,2,1,4,0,4,1,1,0,23,1,1
632,2,2,4,4,0,4,1,4,0,18,1,1
633,2,2,2,4,0,4,1,4,0,45,1,1
634,2,2,1,4,0,4,1,4,0,12,1,1
635,3,3,4,3,0,4,1,4,0,53,1,1
636,1,3,3,4,0,4,1,1,1,24,13,1
637,1,1,4,4,0,4,1,3,1,9,10,1
638,2,1,2,0,0,4,1,4,0,45,1,1
639,1,1,3,4,0,4,1,3,0,62,1,1
640,1,1,4,0,0,4,8,1,0,55,1,1
641,2,5,4,3,3,4,1,1,0,45,1,1
642,2,5,4,4,0,4,1,1,1,28,12,0
643,2,5,3,3,0,4,1,4,0,4,1,1
644,2,5,4,4,0,4,1,1,0,19,1,1
645,2,5,1,4,0,4,1,4,0,21,1,1
646,1,5,2,0,0,4,1,4,1,3,0,1
647,2,5,3,0,0,4,1,1,0,38,1,1
648,2,4,2,0,0,4,1,1,1,32,12,1
649,3,4,1,0,0,4,1,4,0,13,1,1
650,3,4,1,0,0,4,1,4,1,15,1,1
651,3,4,3,0,0,4,1,4,1,20,1,1
652,2,4,1,4,0,4,1,1,0,73,1,1
653,2,4,4,4,0,4,1,1,0,46,1,1
654,2,4,2,4,3,4,5,1,1,33,1,1
655,2,4,4,0,3,4,5,1,1,37,1,1
656,1,4,2,4,0,4,1,3,1,51,2,1
657,2,0,1,0,0,4,1,4,0,72,1,1
658,2,0,1,0,0,4,1,1,1,23,1,1
659,2,0,1,4,0,4,8,1,0,30,1,1
660,1,0,1,4,0,4,1,3,1,35,1,0
661,2,0,3,2,3,3,1,1,1,62,1,1
662,2,0,3,2,3,3,1,1,1,20,1,1
663,2,0,4,2,3,3,1,4,1,20,1,1
664,1,0,1,4,0,3,8,3,0,69,8,0
665,1,0,4,0,3,3,5,3,1,35,13,1
666,1,2,4,0,0,4,1,1,1,23,1,1
667,1,2,3,4,0,4,1,4,1,2,0,1
668,3,2,1,4,0,3,8,1,1,30,1,1
669,2,3,1,4,0,3,1,1,1,31,13,1
670,2,3,2,4,0,3,1,4,0,56,13,1
671,2,3,1,4,0,3,1,4,0,51,13,1
672,2,3,1,4,0,3,1,4,0,53,13,1
673,1,3,3,4,0,4,1,1,1,21,2,0
674,1,3,1,4,0,4,1,4,0,23,2,0
675,2,3,3,0,0,4,1,1,1,41,9,0
676,2,1,2,4,0,4,1,1,0,82,7,1
677,2,3,3,4,0,4,1,1,1,32,1,1
678,2,3,4,4,0,4,1,1,0,37,1,1
679,2,2,2,4,0,2,1,1,1,30,1,1
680,2,1,3,4,0,4,1,4,1,7,1,1
681,1,5,4,4,3,1,5,1,1,18,1,1
682,2,0,3,0,0,4,1,1,1,35,12,1
683,1,5,3,2,0,4,1,3,0,71,1,1
684,2,5,1,4,0,3,8,1,0,25,1,1
685,1,5,1,0,0,4,8,3,0,42,13,1
686,2,5,2,4,3,4,1,1,1,53,10,0
687,3,6,2,4,0,4,1,1,0,50,1,1
688,2,4,1,3,0,4,1,1,1,41,1,1
689,2,4,2,2,0,4,8,1,0,57,1,1
690,2,0,4,4,0,4,1,1,0,41,1,1
691,4,0,4,0,0,4,1,1,1,58,1,1
692,2,0,1,4,0,4,1,1,0,26,1,1
693,2,0,1,4,0,4,1,1,0,46,1,1
694,2,0,4,4,0,4,1,1,1,20,1,1
695,2,0,4,4,0,4,1,1,1,54,12,1
696,2,0,4,4,3,3,5,4,0,65,1,1
697,2,0,2,4,3,3,5,1,1,39,1,1
698,1,2,4,0,0,4,1,3,1,85,1,1
699,2,2,4,4,0,4,8,1,1,18,1,1
700,2,2,1,4,0,4,8,4,0,19,1,1
701,2,2,3,4,0,4,1,1,0,18,1,1
702,2,2,1,4,0,4,1,4,0,19,1,1
703,2,2,2,4,0,4,1,1,0,36,1,1
704,2,2,3,4,0,4,1,4,0,5,1,1
705,2,2,3,4,0,4,1,1,0,55,1,1
706,2,2,2,4,0,4,1,4,1,25,1,1
707,2,2,2,4,0,4,1,4,0,25,1,1
708,2,6,3,0,0,3,1,1,0,33,12,1
709,2,2,4,0,0,4,1,1,1,27,9,1
710,4,2,3,4,0,4,1,1,1,30,1,1
711,4,2,1,4,0,4,1,1,0,44,1,1
712,3,2,4,4,0,4,1,1,1,33,1,1
713,3,2,2,4,0,4,1,1,1,23,1,1
714,2,3,4,0,0,4,1,1,0,19,1,1
715,2,3,4,0,0,4,1,4,1,19,1,1
716,1,3,1,4,0,4,1,1,1,25,10,0
717,2,1,3,0,0,4,1,1,1,29,12,1
718,2,1,3,0,0,4,1,1,1,58,8,0
719,2,3,1,4,0,4,1,1,1,43,12,1
720,1,1,4,4,0,4,1,4,1,65,0,1
721,3,1,2,0,0,4,1,1,1,49,1,1
722,3,1,4,0,0,4,1,1,1,23,2,1
723,3,1,3,0,0,4,1,1,0,63,1,1
724,3,1,3,0,0,4,1,1,1,21,1,1
725,2,1,1,0,0,4,8,1,0,31,1,1
726,2,5,3,4,0,4,1,1,0,45,1,1
727,2,5,2,4,0,4,1,4,1,13,1,1
728,2,5,3,4,0,4,1,4,0,16,1,1
729,2,5,4,0,0,4,1,1,1,57,12,1
730,2,5,3,4,0,4,1,1,1,13,12,0
731,2,5,1,0,0,4,1,1,0,54,1,1
732,2,5,2,1,0,4,1,1,1,48,1,1
733,2,6,2,4,0,4,1,1,1,21,1,1
734,2,6,4,4,0,4,1,1,1,61,1,0
735,1,5,2,2,0,1,1,4,0,23,1,1
736,1,5,2,4,0,3,1,3,1,23,1,0
737,1,6,2,2,0,4,1,3,1,72,0,1
738,2,6,4,0,0,4,8,1,1,37,12,1
739,5,6,3,3,0,4,1,1,1,32,1,1
740,5,6,1,3,0,4,1,1,0,51,1,1
741,2,6,3,0,0,4,1,1,1,50,12,1
742,2,6,3,0,0,4,1,1,0,51,1,1
743,2,6,2,4,0,4,1,1,1,26,12,1
744,2,6,1,0,0,4,1,1,1,42,12,1
745,4,6,4,4,0,4,1,1,1,54,1,1
746,4,6,3,4,0,4,1,1,1,48,1,1
747,4,6,2,4,0,4,1,4,1,6,1,1
748,2,6,2,4,0,4,1,1,0,28,1,1
749,2,6,4,4,0,4,1,4,0,4,1,1
750,1,6,1,4,0,3,1,3,1,43,13,1
751,2,4,2,4,0,4,1,1,1,47,12,0
752,1,4,3,4,0,4,1,3,1,46,1,0
753,1,4,2,0,0,4,1,3,0,29,1,1
754,2,4,4,3,0,4,1,1,0,27,1,1
755,2,4,2,1,0,4,1,1,1,69,1,1
756,2,4,1,4,0,4,1,1,1,25,10,1
757,2,4,1,4,0,4,1,1,0,36,1,1
758,2,4,4,4,0,4,1,1,0,36,1,1
759,1,4,3,0,0,3,1,3,0,15,1,1
760,2,4,2,0,0,3,8,1,0,25,12,1
761,3,4,1,0,0,1,1,1,1,24,1,1
762,3,4,3,0,0,1,1,4,1,25,1,1
763,3,4,1,0,0,1,1,1,1,31,1,1
764,2,4,4,4,0,3,8,4,1,75,0,1
765,2,0,2,0,0,4,1,1,1,55,12,1
766,1,0,1,0,0,4,1,3,0,51,2,0
767,2,0,2,0,0,4,1,1,1,52,9,1
768,4,0,3,3,0,4,1,1,1,21,2,1
769,4,0,4,3,0,4,1,4,0,20,2,1
770,4,0,4,3,0,4,1,1,1,61,1,1
771,4,0,3,3,0,4,1,1,1,51,1,1
772,4,0,4,3,0,4,1,4,0,50,1,1
773,2,0,1,4,0,4,1,1,0,19,1,1
774,1,0,1,4,0,4,8,3,0,13,1,1
775,2,2,3,4,3,3,5,1,1,23,12,1
776,1,2,2,4,0,3,1,4,1,32,1,1
777,1,2,3,4,0,3,1,4,0,20,1,1
778,2,2,1,3,0,4,1,1,0,63,1,1
779,2,3,2,0,0,4,8,1,0,40,1,1
780,3,3,1,0,0,4,8,1,1,20,8,1
781,2,3,1,4,0,4,1,1,1,33,1,1
782,2,3,3,4,0,4,1,4,1,1,1,1
783,2,1,3,0,0,4,1,1,1,44,12,1
784,2,1,2,4,0,4,1,1,1,36,1,1
785,2,1,4,4,0,4,1,1,0,59,1,1
786,1,1,1,4,0,4,1,1,1,48,0,1
787,1,1,4,4,0,4,1,4,1,16,0,1
788,1,1,2,3,3,4,3,1,1,28,1,1
789,2,1,1,4,0,4,1,1,1,31,13,1
790,1,5,3,4,0,4,1,1,0,23,1,1
791,2,5,4,4,0,4,1,1,1,48,2,1
792,3,5,3,0,3,4,7,1,0,43,1,1
793,1,5,3,0,3,4,5,1,1,26,10,0
794,1,5,1,0,3,4,1,3,0,52,1,1
795,2,5,3,0,0,4,1,1,0,26,1,1
796,1,5,2,4,3,4,1,3,1,24,1,1
797,2,5,2,4,0,4,1,4,1,78,0,1
798,2,6,3,0,0,4,1,1,1,36,1,0
799,2,6,1,0,0,4,1,1,0,32,1,0
800,2,6,4,0,3,4,1,1,1,35,10,0
801,2,6,3,4,0,4,1,1,1,53,12,1
802,2,6,2,4,0,4,1,4,1,5,1,1
803,3,6,4,4,0,4,1,1,1,49,1,1
804,3,6,1,4,0,4,1,4,0,85,1,1
805,2,6,3,0,3,4,5,1,1,48,1,1
806,2,6,2,0,3,4,5,4,0,49,1,1
807,1,6,1,4,2,4,7,1,0,63,1,1
808,1,6,4,4,3,4,1,3,1,10,1,1
809,2,6,3,4,3,3,1,1,1,34,13,1
810,2,6,3,4,3,3,1,1,1,21,1,1
811,5,4,2,0,0,4,1,1,0,29,1,1
812,1,4,2,0,0,4,1,3,0,23,1,1
813,2,4,4,4,0,4,1,1,1,34,12,1
814,2,4,2,0,0,4,1,1,1,26,12,1
815,2,4,1,4,0,4,1,1,1,59,2,1
816,2,4,2,4,0,4,1,4,1,60,2,1
817,1,4,3,4,3,4,5,3,1,12,1,1
818,2,4,2,4,3,4,5,1,1,50,1,1
819,2,4,1,4,3,4,5,4,0,27,1,1
820,2,4,1,4,3,4,5,4,0,40,13,1
821,2,4,4,0,0,4,1,1,1,69,1,1
822,2,4,3,0,3,4,5,1,1,23,1,1
823,2,4,4,0,0,4,8,1,1,38,12,1
824,2,4,4,0,0,4,8,1,1,27,4,1
825,2,4,4,0,3,3,5,1,1,53,1,1
826,2,4,3,0,3,3,5,1,1,43,2,1
827,1,0,1,0,2,3,7,1,1,35,10,1
828,2,0,3,4,0,3,1,1,0,41,1,1
829,2,0,2,4,0,4,1,1,1,25,10,0
830,1,0,4,0,0,3,1,1,1,26,10,0
831,2,2,2,0,0,4,1,4,1,85,0,1
832,2,2,4,4,0,4,1,1,1,53,12,0
833,1,0,1,4,3,4,1,1,1,15,12,1
834,4,2,1,0,0,4,1,1,1,20,8,0
835,2,2,1,4,0,4,1,1,1,66,1,1
836,2,2,1,4,0,4,1,4,0,65,1,1
837,1,2,1,0,0,4,1,1,1,45,1,1
838,1,3,4,4,3,1,1,1,1,26,1,1
839,2,1,3,0,0,4,8,1,0,23,1,1
840,1,1,3,4,3,4,1,1,1,28,12,1
841,1,1,1,4,3,4,5,3,0,61,1,1
842,2,5,4,0,0,4,1,1,0,52,1,1
843,2,5,1,0,0,4,1,1,0,59,1,0
844,2,5,1,4,0,4,1,1,1,34,12,1
845,3,5,1,0,0,4,1,1,1,26,10,0
846,2,5,1,4,0,4,1,1,1,23,12,1
847,2,1,1,4,0,4,1,4,0,27,13,1
848,1,5,3,2,0,4,1,3,0,38,1,0
849,1,5,3,4,0,4,1,3,0,11,1,1
850,2,5,3,4,0,4,1,1,0,28,1,1
851,2,5,3,4,0,4,1,4,0,43,13,1
852,2,2,4,2,0,4,1,1,1,55,8,0
853,2,5,2,0,3,3,1,1,0,24,1,1
854,3,6,1,3,0,4,1,1,0,22,1,1
855,2,6,1,0,0,4,1,1,1,32,1,0
856,2,6,2,4,0,4,1,1,1,14,12,1
857,3,6,2,0,0,4,1,1,1,37,9,1
858,1,6,2,4,0,4,1,3,1,6,1,1
859,3,4,4,0,0,4,1,1,1,32,1,1
860,3,4,2,0,0,4,1,1,1,53,2,1
861,3,4,4,0,0,4,1,1,1,29,1,1
862,2,4,4,0,0,4,1,1,1,22,1,1
863,1,4,1,4,0,3,1,1,1,24,10,0
864,3,0,2,0,0,4,1,1,1,45,2,1
865,3,0,2,0,0,4,1,1,0,41,1,1
866,1,0,1,0,0,4,1,3,1,70,2,1
867,2,0,1,4,0,4,1,1,1,21,5,1
868,2,0,3,2,0,4,1,1,1,27,12,1
869,2,0,1,0,0,4,1,1,1,38,12,0
870,1,0,4,4,0,4,1,3,0,10,1,1
871,3,2,2,0,0,4,1,1,1,47,9,1
872,3,2,4,0,0,4,1,4,0,40,9,1
873,1,2,3,4,0,4,1,3,1,2,13,1
874,2,2,4,0,3,4,5,1,0,48,1,1
875,2,2,4,0,3,4,5,4,0,9,1,1
876,3,2,3,4,0,4,1,1,0,22,1,1
877,3,2,4,4,0,4,1,4,0,21,1,1
878,2,2,3,4,0,4,1,4,0,13,13,1
879,2,3,1,0,0,4,8,1,1,41,1,1
880,2,3,2,0,0,4,8,4,0,15,1,1
881,2,3,3,0,0,4,8,4,0,20,1,1
882,2,3,4,0,0,4,8,4,1,25,1,1
883,1,3,1,2,0,4,1,3,0,12,1,0
884,1,3,1,4,0,4,1,1,1,47,12,1
885,2,3,3,4,0,4,8,1,0,23,1,1
886,2,3,2,4,0,4,1,1,1,46,1,1
887,2,3,2,4,0,4,1,4,0,43,1,1
888,2,3,2,0,0,4,1,1,0,21,12,1
889,2,1,3,0,0,4,1,1,1,39,1,1
890,2,1,4,0,0,4,1,4,1,33,1,1
891,2,1,1,0,0,4,1,4,0,30,1,1
892,2,1,2,0,0,4,1,4,0,36,1,1
893,2,1,1,4,0,4,8,1,0,40,1,1
894,1,1,1,0,0,4,1,3,1,12,0,0
895,2,1,3,0,0,4,1,4,0,25,6,1
896,2,1,2,0,0,4,1,4,0,25,6,1
897,2,1,2,0,0,4,8,1,1,39,1,1
898,2,1,4,0,0,4,8,4,0,33,1,1
899,2,5,4,4,3,4,5,1,1,26,12,1
900,2,5,2,0,3,4,5,1,1,63,9,1
901,2,1,1,4,3,3,5,1,1,34,12,1
902,2,5,4,4,3,4,1,1,1,32,13,1
903,1,6,2,4,0,4,1,1,1,47,9,0
904,2,6,4,0,0,4,1,1,0,48,1,1
905,2,6,1,0,0,4,8,1,0,24,12,1
906,2,4,4,1,0,4,1,4,1,89,1,1
907,2,4,4,1,0,4,1,1,0,51,1,1
908,2,4,3,4,0,4,1,4,0,41,9,1
909,1,4,3,4,0,4,8,3,1,48,13,1
910,1,4,4,4,0,3,1,3,1,36,1,1
911,1,0,2,1,0,4,1,4,0,82,2,0
912,2,0,2,0,0,4,8,1,1,20,12,1
913,1,3,1,0,0,4,1,3,1,16,1,0
914,1,0,3,2,0,4,8,3,0,12,1,1
915,1,2,4,4,0,4,1,3,1,56,1,1
916,4,2,3,0,0,4,1,4,0,39,1,1
917,2,3,2,0,0,4,1,4,0,56,1,1
918,2,3,2,3,0,4,1,1,0,25,1,1
919,2,3,1,2,0,4,1,1,1,24,1,1
920,2,3,1,4,0,4,1,1,1,14,10,1
921,2,3,4,4,0,4,1,4,1,17,10,0
922,1,3,4,0,0,4,1,1,1,17,10,1
923,2,3,1,4,0,3,1,1,1,66,1,1
924,1,5,1,0,0,3,8,3,1,16,1,1
925,2,1,1,4,0,4,1,1,1,25,1,1
926,2,1,4,4,0,4,1,1,1,41,1,1
927,2,1,4,0,0,4,1,1,1,38,12,1
928,3,1,2,2,0,4,1,1,0,23,12,1
929,1,1,1,0,0,4,1,1,1,43,12,1
930,1,1,4,0,0,4,1,3,0,21,12,1
931,2,1,4,4,0,4,1,1,1,19,12,1
932,2,5,3,0,0,4,1,1,1,26,12,1
933,2,5,3,0,0,4,1,1,0,19,12,1
934,2,5,3,4,0,4,1,1,1,10,12,1
935,1,5,3,4,0,4,1,3,0,12,1,1
936,3,5,1,3,0,4,1,1,0,33,1,1
937,1,5,1,4,0,4,1,3,1,2,1,0
938,2,5,1,0,0,4,1,1,1,51,12,1
939,1,5,1,4,0,4,1,3,1,34,1,1
940,2,5,3,4,0,4,1,1,1,15,12,1
941,2,5,2,0,0,4,1,1,1,11,12,1
942,2,5,4,4,0,3,1,1,1,53,12,0
943,1,5,4,4,0,4,1,3,0,25,1,1
944,2,6,2,0,0,4,1,1,0,42,1,1
945,1,6,3,0,3,4,8,3,1,14,1,1
946,1,6,2,0,3,4,8,3,0,14,1,1
947,1,6,2,3,0,4,1,1,1,49,2,1
948,2,6,1,0,3,4,1,1,1,45,1,1
949,2,6,3,4,3,4,5,1,1,19,12,1
950,2,6,1,3,0,4,1,1,1,53,2,1
951,2,6,1,4,0,4,1,1,1,33,12,1
952,1,6,1,4,3,4,1,3,1,38,1,1
953,2,6,1,4,0,4,1,1,1,32,1,1
954,1,4,1,4,0,4,8,4,0,54,13,1
955,1,4,3,4,0,4,1,3,1,12,1,1
956,2,4,4,4,0,4,1,3,0,41,1,1
957,2,4,1,0,0,4,1,1,0,35,12,1
958,2,4,2,3,3,4,5,1,0,24,1,1
959,2,4,2,3,3,4,5,1,1,32,2,1
960,2,0,1,4,0,4,1,1,0,28,1,1
961,1,0,3,4,0,4,1,3,0,75,1,0
962,1,0,2,0,0,4,1,4,0,78,1,0
963,6,0,3,1,0,4,1,4,0,79,1,1
964,2,0,1,4,0,4,1,1,0,37,1,1
965,2,0,4,4,0,4,1,4,0,41,1,1
966,2,0,3,4,0,4,8,1,1,21,1,1
967,2,0,3,4,0,4,8,4,1,34,1,0
968,1,2,4,0,0,4,8,3,1,10,1,1
969,1,2,3,0,0,4,1,1,1,28,1,1
970,2,0,1,0,0,3,8,1,1,29,12,1
971,1,2,4,2,0,4,1,3,0,14,1,0
972,2,2,3,4,0,3,1,1,1,21,10,1
973,2,2,2,4,0,3,1,1,1,43,1,1
974,3,3,2,0,0,4,1,1,1,48,12,1
975,3,3,1,0,0,4,1,1,1,45,12,1
976,1,1,1,2,0,4,1,3,1,10,1,0
977,2,3,2,4,0,4,1,1,1,78,1,1
978,2,3,2,4,0,4,1,4,0,63,1,1
979,2,3,2,4,0,4,1,1,0,25,1,1
980,1,3,3,4,0,4,1,3,1,6,2,1
981,1,1,2,4,0,4,1,3,0,21,1,1
982,2,1,1,4,0,4,1,1,1,75,1,1
983,1,1,3,4,0,4,1,3,0,37,13,1
984,2,5,4,3,0,4,1,1,1,20,1,1
985,2,5,4,3,0,4,1,1,1,58,1,1
986,2,5,2,1,0,4,1,4,1,23,2,1
987,2,5,1,4,0,4,1,1,1,62,9,0
988,2,5,2,4,0,4,8,1,1,23,1,0
989,2,5,3,4,0,4,8,4,0,25,1,1
990,2,5,3,4,0,3,8,1,1,24,12,1
991,2,6,1,4,3,4,1,3,0,13,1,0
992,1,6,3,4,0,4,1,3,1,26,1,1
993,2,6,1,4,3,4,1,1,1,48,1,1
994,3,6,2,4,3,4,5,1,0,86,1,0
995,3,6,2,4,3,4,5,1,1,70,1,1
996,3,6,3,4,3,4,5,4,1,7,1,1
997,2,4,4,4,0,4,1,4,0,33,1,1
998,1,4,4,4,0,4,1,3,0,34,2,1
999,1,5,2,2,0,4,8,3,0,17,1,1
1000,2,4,2,4,0,4,8,1,1,39,12,1
1001,2,4,2,0,3,4,1,1,1,52,1,1
1002,2,4,2,0,3,4,1,4,0,47,1,1
1003,2,4,4,0,0,4,8,1,1,50,4,1
1004,2,4,1,0,0,4,8,1,1,44,1,1
1005,1,4,3,4,3,3,1,3,1,55,1,1
1006,2,0,2,4,0,4,1,1,1,28,12,0
1007,2,0,3,4,0,4,1,1,1,38,12,1
1008,2,0,2,4,0,4,1,1,1,42,12,0
1009,1,0,4,4,0,4,1,1,0,29,1,1
1010,1,0,4,4,0,4,1,3,1,16,1,1
1011,4,2,4,3,0,4,1,1,0,32,1,1
1012,4,2,2,3,0,4,1,1,1,33,1,1
1013,4,2,1,3,0,4,1,1,1,65,1,1
1014,1,2,2,4,0,4,1,3,1,8,1,1
1015,2,2,3,0,0,4,1,1,1,28,9,0
1016,1,2,3,4,0,4,1,3,0,7,1,1
1017,1,2,4,4,0,4,1,1,0,80,1,0
1018,1,2,1,4,0,4,1,3,1,3,1,1
1019,2,3,3,0,0,4,1,1,0,81,1,0
1020,2,3,2,0,0,4,1,4,1,83,1,1
1021,2,3,3,0,0,4,1,1,1,57,1,1
1022,2,3,1,0,0,4,1,4,0,44,1,1
1023,2,3,1,4,0,4,1,1,1,25,5,1
1024,2,3,1,0,0,3,1,1,1,31,1,1
1025,2,3,1,0,0,3,1,1,1,27,1,1
1026,2,1,4,4,0,4,1,1,1,29,1,1
1027,2,1,1,4,0,4,1,4,0,30,1,1
1028,2,1,1,4,0,4,1,4,0,6,1,1
1029,1,1,1,4,0,4,1,3,0,14,1,0
1030,1,1,3,4,0,3,1,3,0,26,1,1
1031,1,5,4,0,0,4,1,3,1,2,2,1
1032,3,5,4,4,0,4,8,4,0,23,1,1
1033,2,5,1,4,0,4,1,3,0,25,1,1
1034,4,5,1,4,0,4,1,1,1,22,10,0
1035,2,6,4,4,0,4,1,1,1,38,12,1
1036,2,4,3,4,0,4,1,1,0,53,12,0
1037,2,4,1,2,0,4,1,1,1,21,12,1
1038,2,4,4,0,0,4,1,1,1,56,12,1
1039,2,4,3,2,0,4,1,1,1,49,1,1
1040,1,4,2,4,0,4,1,3,0,32,1,1
1041,1,0,3,0,0,4,1,3,1,75,1,1
1042,1,0,2,4,0,4,8,4,1,4,0,1
1043,2,0,4,4,0,4,1,1,1,21,10,1
1044,2,0,1,4,0,4,1,1,1,24,12,1
1045,2,0,1,4,0,4,1,1,0,21,12,0
1046,2,4,1,0,0,4,1,1,0,27,1,1
1047,2,4,2,0,0,4,1,4,1,5,1,1
1048,2,2,4,1,0,4,1,1,0,32,1,1
1049,2,2,4,0,0,4,1,1,1,29,1,1
1050,2,2,1,0,0,4,1,4,0,36,1,1
1051,2,2,2,4,0,4,1,1,1,65,12,1
1052,2,2,2,4,0,4,1,4,1,18,1,1
1053,2,2,3,4,0,4,1,4,0,1,1,1
1054,3,2,3,4,0,4,1,1,1,30,1,1
1055,3,2,4,4,0,4,1,4,0,6,1,1
1056,1,3,3,4,3,4,1,3,1,28,1,1
1057,2,3,4,4,0,4,1,1,1,11,12,1
1058,2,3,4,2,0,4,1,3,1,37,1,0
1059,2,3,4,4,0,4,1,1,0,30,1,1
1060,2,3,2,0,0,4,1,1,1,52,12,1
1061,2,3,4,4,0,4,1,1,1,20,10,1
1062,1,0,1,4,0,3,1,4,1,17,1,0
1063,3,1,3,4,0,4,1,1,1,81,1,1
1064,1,1,4,4,0,4,1,3,0,8,1,0
1065,2,1,3,4,0,4,1,1,0,85,1,1
1066,2,1,2,0,0,4,1,1,1,35,1,1
1067,2,1,3,0,0,4,1,4,1,22,1,1
1068,3,1,2,4,0,4,8,1,1,30,1,1
1069,2,1,1,4,0,4,1,1,1,62,1,1
1070,3,1,2,3,0,4,1,1,1,36,1,1
1071,2,1,2,4,0,4,1,1,0,52,12,0
1072,2,1,4,4,0,4,1,1,1,13,5,0
1073,1,1,3,0,0,4,1,1,1,55,8,1
1074,2,5,3,4,0,4,1,1,1,25,1,1
1075,2,5,1,4,0,4,1,1,0,40,1,1
1076,2,5,2,4,0,4,1,4,0,46,1,1
1077,6,5,2,0,0,4,1,1,1,45,1,1
1078,6,5,4,0,0,4,1,4,0,7,1,1
1079,2,5,2,4,0,4,1,1,1,35,12,1
1080,2,5,1,0,0,4,1,1,1,41,12,0
1081,2,5,4,4,0,4,1,1,1,23,10,1
1082,2,5,2,4,0,4,1,4,0,58,13,1
1083,2,5,3,4,0,4,1,1,1,16,12,0
1084,2,6,2,0,0,4,1,1,1,43,1,1
1085,1,6,3,4,0,4,1,1,1,55,10,1
1086,1,6,3,4,0,4,1,1,1,38,9,0
1087,1,6,2,4,0,4,1,3,1,14,1,1
1088,2,6,4,4,0,4,1,1,0,33,1,1
1089,1,6,4,4,0,4,1,3,0,62,1,1
1090,2,4,4,4,0,4,1,1,0,30,1,1
1091,1,4,2,4,0,4,1,3,1,75,1,0
1092,1,4,4,0,0,4,1,3,1,80,1,0
1093,2,4,1,0,0,4,1,1,1,51,10,0
1094,2,4,2,0,0,4,1,1,1,39,9,0
1095,1,4,1,4,0,4,1,3,1,31,3,1
1096,1,0,2,4,0,3,1,4,0,22,0,1
1097,1,0,4,4,0,3,1,4,0,49,0,1
1098,1,0,1,4,0,3,1,4,1,57,0,1
1099,2,0,2,4,3,4,5,1,1,47,1,1
1100,2,0,2,4,3,4,1,1,1,15,12,1
1101,2,0,1,4,0,4,1,1,1,40,12,1
1102,1,0,4,4,0,4,1,3,0,88,1,0
1103,3,0,3,3,3,4,1,4,0,54,1,1
1104,2,2,3,0,0,4,1,4,0,52,1,1
1105,2,2,1,0,0,4,1,1,0,49,1,1
1106,2,2,3,0,0,4,1,4,0,20,1,1
1107,2,2,1,0,0,4,1,4,1,1,1,1
1108,1,2,3,4,0,4,1,3,1,5,1,1
1109,2,2,3,4,3,3,5,1,1,24,10,1
1110,1,3,4,4,3,4,1,1,1,63,12,0
1111,2,3,3,0,3,4,1,1,0,23,1,1
1112,2,1,4,4,0,4,1,1,1,57,1,1
1113,2,1,3,4,0,4,1,4,0,49,1,1
1114,1,1,1,4,3,4,5,1,1,30,1,1
1115,1,1,3,4,3,4,1,3,0,59,1,1
1116,2,1,1,4,3,4,1,1,0,30,1,1
1117,1,1,1,4,0,4,1,1,1,27,1,1
1118,2,1,4,4,3,3,5,1,0,35,1,1
1119,2,1,2,4,3,3,5,4,0,14,1,1
1120,2,1,4,4,3,3,5,4,0,16,1,1
1121,2,1,3,4,3,3,5,4,0,16,1,1
1122,1,5,3,4,0,4,1,4,0,28,0,1
1123,1,5,3,4,0,4,1,4,0,30,0,1
1124,1,5,3,4,0,4,1,4,0,49,0,1
1125,1,5,4,4,0,4,8,4,0,27,13,1
1126,3,6,1,4,0,4,1,1,1,55,1,1
1127,2,6,2,1,3,4,5,1,1,36,2,0
1128,2,6,2,0,3,4,5,1,1,35,12,1
1129,3,6,1,0,0,4,1,1,1,41,9,1
1130,3,6,2,0,0,4,1,1,1,28,9,1
1131,2,6,1,4,0,4,1,1,1,31,12,1
1132,2,6,3,4,0,4,8,1,0,25,1,1
1133,2,6,2,0,0,4,1,1,1,33,2,1
1134,2,6,4,4,0,4,1,1,1,24,12,1
1135,2,6,3,4,0,4,8,1,1,47,12,1
1136,1,4,3,0,0,4,1,3,0,14,1,1
1137,1,6,3,0,0,4,1,3,0,24,12,1
1138,1,6,1,0,0,4,1,1,1,21,12,1
1139,2,4,3,0,0,4,1,1,1,52,1,1
1140,2,0,4,4,0,4,1,4,0,21,13,1
1141,2,0,4,4,0,4,1,4,0,21,13,1
1142,2,0,2,4,0,4,1,1,1,36,12,1
1143,2,5,1,4,0,4,8,1,1,18,5,1
1144,2,0,2,0,0,4,1,1,1,50,1,1
1145,2,0,1,4,0,4,1,1,0,24,1,1
1146,2,0,1,4,0,4,1,1,0,20,1,1
1147,2,0,2,4,3,4,1,1,1,28,1,1
1148,2,0,2,4,0,2,1,1,1,51,1,1
1149,2,0,4,4,0,2,1,4,0,43,1,0
1150,2,0,1,4,3,4,1,1,1,39,13,1
1151,2,0,3,4,0,3,1,4,0,67,13,1
1152,2,0,2,4,0,3,1,4,0,66,13,1
1153,1,2,4,4,0,4,1,4,1,26,2,1
1154,1,2,2,4,0,4,1,4,1,25,2,1
1155,1,2,4,4,0,4,1,4,1,24,2,1
1156,2,2,1,0,0,4,1,1,1,34,8,1
1157,2,2,2,0,0,4,1,1,1,54,12,1
1158,1,2,4,4,0,4,1,3,1,9,1,1
1159,1,3,3,3,3,1,1,1,1,18,1,1
1160,1,3,1,3,3,1,1,4,0,18,1,1
1161,1,3,4,0,0,4,8,3,0,23,13,1
1162,2,3,4,0,0,4,1,4,0,38,1,1
1163,2,3,2,0,0,4,1,1,1,64,9,0
1164,2,3,2,4,3,4,5,1,1,24,1,1
1165,2,3,3,4,3,4,5,4,1,23,1,1
1166,2,3,1,0,3,4,5,1,0,26,1,1
1167,2,3,2,0,3,4,5,1,1,28,1,1
1168,2,3,4,0,3,4,5,4,0,25,1,0
1169,1,1,4,4,0,4,1,3,0,29,13,1
1170,2,1,2,0,0,4,8,1,1,31,10,1
1171,1,1,1,0,0,4,1,1,1,29,5,1
1172,1,1,3,0,0,4,1,3,0,9,1,0
1173,2,1,1,4,0,4,1,1,1,26,8,1
1174,1,5,3,2,0,4,1,3,1,11,1,1
1175,2,5,4,4,0,4,1,1,1,24,10,1
1176,2,5,2,4,0,4,8,1,0,33,1,1
1177,2,6,1,4,0,4,1,1,1,45,12,1
1178,1,6,2,4,0,4,1,3,0,3,1,1
1179,2,4,3,0,0,4,1,1,0,32,12,1
1180,1,4,2,4,0,4,1,1,1,81,1,1
1181,1,4,4,4,0,4,1,1,1,66,13,1
1182,2,4,2,0,0,4,1,1,1,38,12,1
1183,3,4,1,0,0,4,8,1,1,20,1,1
1184,3,4,2,0,0,4,8,4,0,21,1,1
1185,2,0,3,4,0,4,1,1,1,29,12,1
1186,2,0,4,0,0,4,1,1,1,15,5,1
1187,2,0,4,0,0,4,1,1,1,15,12,1
1188,1,0,3,4,0,4,1,1,1,14,12,1
1189,1,2,2,4,0,3,1,3,0,21,1,0
1190,2,2,4,4,0,4,1,4,0,5,1,1
1191,2,2,4,4,0,4,1,1,0,26,1,1
1192,1,2,1,4,0,4,1,3,0,3,1,1
1193,2,2,2,0,3,4,5,4,0,57,1,1
1194,2,2,2,0,0,3,1,4,1,29,1,1
1195,1,3,2,4,0,3,1,1,1,18,1,0
1196,1,3,2,4,0,3,1,4,1,22,1,1
1197,4,3,4,0,0,4,1,1,1,68,1,1
1198,4,3,1,0,0,4,1,1,0,24,1,1
1199,1,3,2,4,0,4,1,4,1,17,1,1
1200,1,3,2,4,0,4,1,3,1,13,1,1
1201,1,3,3,4,3,4,5,3,0,44,1,1
1202,2,3,4,4,3,3,5,1,1,22,5,1
1203,2,1,1,2,0,4,1,1,1,48,8,1
1204,2,5,1,0,0,4,1,1,0,30,1,1
1205,2,5,3,0,0,4,1,1,1,46,13,1
1206,2,1,2,4,0,4,1,1,0,49,1,1
1207,2,1,2,0,0,4,8,1,1,80,1,1
1208,2,1,3,0,0,4,8,1,0,39,2,1
1209,2,1,3,0,0,4,8,4,1,4,2,1
1210,2,1,4,4,0,4,1,1,1,18,10,0
1211,2,1,3,4,0,4,1,1,0,35,1,1
1212,2,5,4,4,0,4,1,4,0,50,3,1
1213,2,5,3,4,0,4,1,1,1,70,11,1
1214,2,5,3,4,3,4,1,1,1,14,12,1
1215,2,5,1,4,3,4,1,4,1,14,12,1
1216,2,5,1,0,3,4,5,1,1,29,12,1
1217,3,6,2,0,0,4,8,1,1,20,1,1
1218,3,6,3,0,0,4,8,4,0,23,1,1
1219,3,6,4,0,0,4,1,1,1,36,1,1
1220,4,6,2,4,0,4,1,1,1,33,1,1
1221,2,6,3,0,3,4,5,1,1,19,12,1
1222,2,4,4,0,0,4,1,1,0,29,1,1
1223,2,4,4,0,0,4,1,1,0,35,1,1
1224,2,6,2,0,3,4,1,4,0,30,1,1
1225,2,0,4,0,0,3,1,1,1,34,1,1
1226,2,0,1,0,0,3,1,4,1,48,1,1
1227,2,0,3,4,0,4,1,1,1,51,12,1
1228,2,0,3,4,0,4,1,1,0,41,12,1
1229,1,0,4,4,0,4,1,3,1,36,1,1
1230,2,3,3,4,0,4,1,4,0,16,1,1
1231,1,2,4,4,3,4,1,3,0,73,1,1
1232,2,2,1,0,0,4,1,1,0,54,1,1
1233,2,2,2,3,0,4,1,1,0,51,1,1
1234,2,2,1,3,0,4,1,4,0,62,1,1
1235,1,2,2,4,0,4,1,3,1,51,13,1
1236,1,2,3,4,0,4,1,3,1,65,1,0
1237,1,2,3,4,0,4,1,4,0,70,0,1
1238,1,2,3,4,0,4,1,4,0,50,0,1
1239,1,2,1,4,0,4,1,4,1,47,0,1
1240,1,2,3,4,0,4,1,4,0,51,0,1
1241,2,3,1,0,0,4,1,1,0,29,12,1
1242,2,3,4,4,0,4,1,1,1,32,10,0
1243,2,3,4,4,0,4,1,1,1,64,1,1
1244,2,3,1,4,0,4,1,4,0,76,1,1
1245,2,3,2,0,0,4,1,1,0,45,1,1
1246,2,3,4,4,0,4,1,1,1,37,7,1
1247,2,1,3,0,0,4,1,1,1,28,12,0
1248,3,1,2,0,0,4,1,1,0,53,1,1
1249,1,1,4,4,0,4,1,1,1,21,10,1
1250,1,1,1,4,0,4,1,3,0,55,10,0
1251,2,1,1,0,0,4,1,4,0,33,13,1
1252,2,1,3,0,0,4,1,4,0,8,13,1
1253,2,1,4,0,0,4,1,4,0,7,13,1
1254,2,1,2,0,0,4,1,1,1,12,12,0
1255,1,1,3,4,0,4,1,3,1,30,1,1
1256,2,4,1,0,0,4,8,1,1,38,12,1
1257,1,5,4,4,0,4,1,3,1,6,1,1
1258,2,5,4,0,0,4,1,4,0,29,0,1
1259,2,5,4,0,0,4,1,4,0,26,0,1
1260,2,5,2,4,0,4,1,1,0,28,1,1
1261,2,5,2,4,0,4,8,1,1,35,1,1
1262,1,6,1,4,0,4,1,3,1,11,1,1
1263,2,6,4,3,0,4,1,1,1,65,1,1
1264,2,6,4,3,0,4,1,4,1,31,1,1
1265,2,6,2,3,0,4,1,1,0,33,1,1
1266,2,6,4,3,0,4,1,4,1,31,1,1
1267,2,6,2,4,0,4,1,1,0,51,1,1
1268,1,6,1,2,0,4,8,3,1,64,13,1
1269,2,2,4,0,0,4,1,1,0,26,1,1
1270,1,6,3,2,0,3,1,4,0,17,1,1
1271,1,4,2,0,0,3,1,1,1,45,1,1
1272,2,4,4,0,0,4,1,1,1,31,12,0
1273,2,4,2,4,0,4,1,1,1,42,12,1
1274,3,4,1,4,0,4,1,1,1,37,12,0
1275,3,4,3,4,0,4,1,1,1,64,12,0
1276,2,4,2,0,0,4,1,1,1,19,10,1
1277,2,4,1,4,0,4,3,1,1,42,1,1
1278,3,4,1,0,0,4,1,1,0,45,1,1
1279,3,4,4,0,0,4,1,4,1,13,1,1
1280,3,4,4,0,0,4,1,1,0,55,1,1
1281,3,4,1,0,0,4,1,4,0,79,1,1
1282,2,4,3,2,0,4,1,1,0,14,12,1
1283,2,0,2,4,0,4,1,1,0,36,12,1
1284,1,0,4,4,0,4,1,3,1,5,1,0
1285,1,0,1,4,0,4,1,3,0,13,1,0
1286,2,0,2,4,0,4,1,1,1,26,1,1
1287,1,4,4,0,0,3,8,4,0,22,13,1
1288,1,2,4,4,0,3,1,1,1,39,10,0
1289,4,3,3,0,0,4,1,1,0,52,1,1
1290,4,3,3,0,0,4,1,1,1,75,12,0
1291,4,3,3,0,0,4,1,1,1,68,12,0
1292,4,3,1,0,0,4,1,1,1,74,12,1
1293,2,3,2,0,0,4,1,1,1,28,12,1
1294,3,3,1,0,0,4,1,4,0,32,1,1
1295,3,3,4,0,0,4,1,1,1,56,1,1
1296,1,3,1,4,0,4,1,1,1,22,1,1
1297,2,3,1,4,0,4,1,1,1,19,10,1
1298,2,3,4,3,0,4,1,1,0,25,1,1
1299,2,5,1,4,0,4,1,1,1,34,12,0
1300,1,4,1,4,0,4,1,3,0,72,1,0
1301,1,4,1,0,0,4,1,3,0,30,1,0
1302,1,0,1,4,0,4,1,1,0,44,1,0
1303,2,0,2,4,0,4,1,1,0,95,1,0
1304,1,0,4,0,0,3,1,3,1,63,13,0
1305,1,3,2,4,0,4,1,3,1,21,1,0
1306,2,3,1,4,0,4,1,1,1,27,12,0
1307,2,1,3,4,0,4,1,1,1,28,8,0
1308,2,6,2,0,0,4,1,1,1,25,12,0
1309,2,6,4,0,0,4,1,4,1,85,0,0
1310,2,4,1,4,0,3,1,4,1,26,1,0
1311,1,4,2,0,0,4,1,3,1,13,1,0
1312,2,0,1,4,0,4,1,1,1,49,12,0
1313,1,3,2,4,0,3,1,3,1,25,13,0
1314,2,1,3,0,0,4,1,1,1,75,1,0
1315,2,1,3,0,0,4,1,4,0,70,1,0
1316,2,6,1,4,0,4,1,3,0,11,1,0
1317,2,6,1,4,0,4,1,1,1,14,12,0
1318,1,0,1,4,0,4,1,1,1,56,7,0
1319,2,2,1,4,0,4,1,1,1,16,5,0
1320,2,2,3,4,0,4,1,1,1,55,9,0
1321,2,1,1,0,0,4,1,1,0,79,1,0
1322,2,1,1,0,0,4,1,1,0,24,1,0
1323,2,4,3,2,0,4,1,1,1,44,5,0
1324,3,0,2,3,0,4,1,1,1,44,1,0
1325,1,0,3,4,0,4,1,3,0,14,1,0
1326,1,5,4,0,0,4,1,3,0,31,1,0
1327,1,6,4,4,0,4,1,3,1,9,13,0
1328,2,2,4,3,3,3,1,4,1,31,1,0
1329,2,2,4,3,3,3,1,4,0,64,1,0
1330,2,3,4,4,3,4,1,1,1,23,10,0
1331,1,5,1,0,0,1,1,1,0,34,9,0
1332,2,5,3,4,0,3,1,1,1,38,12,0
1333,1,6,4,4,0,4,1,1,0,31,8,0
1334,1,6,4,4,0,4,1,1,1,23,9,0
1335,2,6,3,0,0,3,1,1,1,20,5,0
1336,3,4,3,4,0,3,1,1,1,31,9,0
1337,2,0,3,4,0,4,1,1,0,80,1,0
1338,1,2,4,4,0,4,1,3,0,59,13,0
1339,2,2,4,0,0,4,8,1,0,41,12,0
1340,1,5,3,4,0,4,1,4,0,5,1,0
1341,2,6,4,4,0,4,1,1,1,17,12,0
1342,1,6,4,3,0,4,1,4,0,26,1,0
1343,1,6,4,3,0,4,1,4,0,17,1,0
1344,2,6,1,4,0,3,1,1,1,22,10,0
1345,2,0,3,4,0,4,8,4,0,28,1,0
1346,2,2,1,4,3,4,5,1,1,23,9,0
1347,2,2,2,4,3,4,5,4,1,20,9,0
1348,2,2,3,0,3,1,5,1,1,30,1,0
1349,1,1,2,3,0,4,1,1,1,20,1,0
1350,2,6,2,0,0,4,1,1,1,18,10,0
1351,2,4,4,4,0,4,1,1,0,31,8,0
1352,2,4,1,4,0,4,1,1,1,21,10,0
1353,2,0,2,4,0,4,1,1,1,22,12,0
1354,3,2,2,4,3,4,5,1,1,64,1,0
1355,2,3,3,0,3,4,1,1,1,21,1,0
1356,2,3,1,0,3,4,1,1,1,66,1,0
1357,2,3,2,0,3,4,1,4,0,60,1,0
1358,2,1,2,3,0,4,1,1,0,42,1,0
1359,2,6,3,4,0,4,8,1,1,44,9,0
1360,2,4,1,3,0,3,1,4,1,13,1,0
1361,1,2,1,0,0,3,1,3,1,21,1,0
1362,2,1,2,4,0,3,1,1,1,22,10,0
1363,1,5,2,4,0,3,1,1,1,20,10,0
1364,2,5,1,0,0,4,1,1,0,29,1,0
1365,2,5,3,0,0,4,1,1,1,42,1,0
1366,1,5,1,4,0,4,1,3,1,63,1,0
1367,1,5,4,4,0,4,1,3,1,9,1,0
1368,1,4,2,4,0,4,1,3,1,9,0,0
1369,1,0,3,4,3,4,5,1,1,53,12,0
1370,3,0,1,0,0,4,1,4,0,34,1,0
1371,2,0,1,4,0,4,1,1,1,27,1,0
1372,2,2,3,4,0,4,1,1,1,19,1,0
1373,2,3,3,0,0,4,1,1,1,56,1,0
1374,2,1,1,4,3,4,5,1,1,26,12,0
1375,2,6,4,4,0,4,1,1,1,22,12,0
1376,2,6,2,2,0,4,1,1,0,44,1,0
1377,1,6,3,4,3,3,4,3,0,69,1,0
1378,1,4,3,4,0,4,1,3,1,19,6,0
1379,2,0,2,0,0,4,1,1,1,33,12,0
1380,1,0,2,0,0,4,8,3,1,33,1,0
1381,1,0,1,4,0,4,1,3,1,14,1,0
1382,1,2,1,3,0,4,1,1,0,43,1,0
1383,1,2,4,3,0,4,1,4,0,9,1,0
1384,2,1,1,0,0,4,8,1,1,51,9,0
1385,1,4,1,0,0,4,1,3,1,76,2,0
1386,3,4,1,4,0,4,1,1,0,42,12,0
1387,1,0,3,4,0,4,1,1,1,17,10,0
1388,1,2,4,4,0,4,1,3,1,77,2,0
1389,1,1,1,4,0,4,1,3,1,21,13,0
1390,2,1,1,2,0,4,1,1,1,38,12,0
1391,2,6,4,0,0,4,1,1,1,42,12,0
1392,2,6,4,4,0,4,1,1,1,35,1,0
1393,2,6,4,0,0,4,1,3,1,11,1,0
1394,2,6,4,4,0,4,1,3,0,76,1,0
1395,2,4,4,4,3,4,1,1,0,21,1,0
1396,2,0,4,0,3,4,5,1,1,48,12,0
1397,3,0,2,3,0,4,1,1,1,36,2,0
1398,1,3,1,4,3,4,8,1,1,35,10,0
1399,2,0,2,4,0,4,1,1,1,21,10,0
1400,1,3,4,4,0,4,1,3,0,85,7,0
1401,2,3,3,0,3,4,5,4,0,53,1,0
1402,1,6,4,4,3,3,1,3,0,13,1,0
1403,1,4,2,4,3,4,5,3,1,15,1,0
1404,2,4,3,0,0,3,8,1,1,37,12,0
1405,2,0,4,0,0,4,1,1,1,35,9,0
1406,2,5,2,4,3,4,8,1,1,34,12,0
1407,1,5,2,4,0,4,1,3,0,4,2,0
1408,2,6,1,0,0,4,1,1,1,34,12,0
1409,1,2,4,0,0,4,1,3,0,41,3,0
1410,2,2,1,0,0,4,1,1,1,15,12,0
1411,1,1,4,4,0,3,1,3,1,12,1,0
1412,5,6,2,3,0,4,1,1,0,36,1,0
1413,5,6,3,3,0,4,1,4,1,31,1,0
1414,2,4,3,0,0,4,1,4,0,77,1,0
1415,1,2,2,0,0,4,1,3,0,52,1,0
1416,1,2,2,0,0,3,8,3,0,20,1,0
1417,2,5,1,4,0,4,1,1,1,23,12,0
1418,2,4,4,4,0,3,1,1,1,25,5,0
1419,2,0,2,4,3,4,5,1,1,32,9,0
1420,1,3,1,4,0,4,1,3,0,30,0,0
1421,2,2,4,4,0,3,1,4,1,12,1,0
1422,3,1,3,0,3,3,1,1,1,33,12,0
1423,3,1,3,0,3,3,1,1,1,22,1,0
1424,1,5,1,4,0,4,1,3,0,14,1,0
1425,2,6,2,4,3,3,1,1,1,44,10,0
1426,1,4,1,4,3,3,4,3,0,27,1,0
1427,1,0,2,0,3,3,5,3,1,14,1,0
1428,2,3,2,4,3,4,1,1,1,27,10,0
1429,2,5,1,4,3,4,1,4,0,52,13,0
1430,1,5,2,0,0,4,1,3,0,81,1,0
1431,1,5,3,4,3,3,5,3,0,49,1,0
1432,1,5,1,4,3,3,5,3,1,81,1,0
1433,1,4,2,1,0,4,1,4,1,75,1,0
1434,3,4,4,3,0,4,1,1,0,29,1,0
1435,3,4,2,3,0,4,1,1,1,59,8,0
1436,1,0,1,0,0,3,5,3,1,15,1,0
1437,1,2,4,0,0,4,1,3,1,25,1,0
1438,1,5,4,4,1,4,1,3,1,12,1,0
1439,2,5,1,4,3,4,1,1,1,54,12,0
1440,2,5,3,2,0,4,1,1,1,48,12,0
1441,1,5,2,4,0,3,1,1,1,26,1,0
1442,2,4,3,4,0,3,1,1,1,58,4,0
1443,1,2,2,4,0,3,1,3,1,23,1,0
1444,4,3,1,0,3,3,1,1,1,41,13,0
1445,2,3,1,4,0,4,1,1,0,51,1,0
1446,2,3,4,4,3,3,1,4,1,1,1,0
1447,2,5,4,0,3,3,1,1,1,33,10,0
1448,2,6,1,0,3,3,1,1,1,41,10,0
1449,1,4,2,4,3,3,1,3,1,77,1,0
1450,3,0,1,4,3,4,1,1,1,35,9,0
1451,2,2,3,4,3,3,1,1,1,24,10,0
1452,1,3,2,4,0,4,1,3,1,53,1,0
1453,2,3,3,4,0,3,1,1,1,22,10,0
1454,2,1,2,0,3,3,1,1,1,58,12,0
1455,2,6,4,4,0,4,1,1,1,41,12,0
1456,2,5,4,0,3,4,5,1,1,28,1,0
1457,2,5,3,0,3,4,5,4,1,33,1,0
1458,1,0,4,4,3,4,1,3,0,66,1,0
1459,1,2,3,4,0,4,1,3,1,80,1,0
1460,2,3,4,2,0,3,1,4,0,17,1,0
1461,2,3,4,2,0,3,1,1,1,29,1,0
1462,1,0,2,4,0,4,1,1,1,44,12,0
1463,1,6,2,3,3,1,1,1,1,24,1,0
1464,2,3,3,0,3,3,1,1,1,79,1,0
1465,1,1,2,0,0,3,1,3,0,33,1,0
1466,5,1,1,4,3,3,1,4,0,21,1,0
1467,2,5,2,0,0,3,1,1,0,47,1,0
1468,1,1,1,4,0,3,1,3,1,36,11,0
1469,1,3,4,4,0,2,1,3,0,28,1,0
1470,1,1,1,2,0,4,1,3,0,73,1,0
1471,1,5,2,4,3,3,1,0,1,19,1,0
1472,1,4,2,4,0,4,1,3,1,12,1,0
1473,2,3,2,0,3,4,5,0,1,68,1,0
1474,2,3,1,0,3,4,5,2,0,66,1,0
1475,2,3,3,2,3,4,5,2,0,30,1,0
1476,1,4,3,4,0,2,1,0,1,64,12,0
1477,1,2,1,4,3,4,4,3,0,71,1,0
1478,1,2,1,4,0,4,1,3,1,41,0,0
1479,1,1,1,4,3,3,1,3,0,20,1,0
1480,1,1,3,4,0,4,1,3,1,35,1,0
1481,1,5,4,4,3,4,1,3,1,13,1,0
1482,2,6,4,4,3,1,1,0,1,51,12,0
1483,1,4,3,0,0,4,1,2,0,82,0,0
1484,2,0,2,0,3,3,1,0,0,48,12,0
1485,1,2,3,0,3,3,5,3,1,20,1,0
1486,2,2,4,0,0,2,1,0,0,24,1,0
1487,1,0,3,4,0,3,1,0,0,43,1,0
1488,2,0,3,4,3,4,1,2,1,28,1,0
1489,1,3,1,0,3,4,1,0,1,19,1,0
1490,1,1,4,4,0,4,1,0,1,51,1,0
1491,2,5,1,4,0,3,1,0,1,21,12,0
1492,3,5,2,0,0,4,1,0,0,87,1,0
1493,1,6,2,0,0,4,1,0,1,20,9,0
1494,2,0,3,0,3,4,1,0,1,45,1,0
1495,1,3,3,3,1,2,1,2,1,54,6,0
1496,2,1,1,4,3,4,1,0,1,20,10,0
1497,1,2,3,0,3,3,1,3,1,19,1,0
1498,1,2,4,4,0,2,1,0,1,23,1,0
1499,1,2,1,2,3,3,1,3,0,85,1,0
1500,3,5,2,4,0,2,1,0,1,31,1,0
1501,4,5,3,0,0,1,1,0,0,32,1,0
1502,4,5,3,0,0,1,1,2,1,27,1,0
1503,1,5,2,4,0,4,1,3,1,5,1,0
1504,2,6,3,4,0,4,1,0,1,87,11,0
1505,1,6,2,4,0,4,1,3,1,56,1,0
1506,2,4,4,2,0,4,1,0,1,31,12,0
1507,1,0,3,4,3,4,1,0,1,29,3,0
1508,1,3,4,4,0,4,1,3,0,68,1,0
1509,1,1,1,4,0,4,1,3,0,9,2,0
1510,1,1,2,0,0,4,1,0,1,22,1,0
1511,2,5,3,4,0,4,1,0,1,19,12,0
1512,2,5,4,4,0,3,1,2,0,24,1,0
1513,1,6,1,0,3,3,1,0,1,28,1,0
1514,1,6,1,0,0,3,1,3,0,22,1,0
1515,1,4,4,4,0,4,1,3,0,7,1,0
1516,2,1,4,2,0,4,1,2,0,68,0,0
1517,3,5,3,4,0,4,1,3,0,51,1,0
1518,1,4,4,4,0,4,1,0,0,61,1,0
1519,1,0,2,4,0,4,1,3,0,86,1,0
1520,1,2,2,0,0,4,1,3,0,34,1,0
1521,2,4,1,0,0,4,1,0,0,28,1,0
1522,1,0,1,4,0,4,1,3,0,76,3,0
1523,1,0,1,4,0,3,1,3,1,79,1,0
1524,1,3,2,0,0,3,1,0,1,49,9,0
1525,1,5,2,4,0,1,1,2,1,32,1,0
1526,2,6,4,4,0,2,1,0,1,10,12,0
1527,2,6,2,4,0,3,1,0,1,26,10,0
1528,2,4,2,0,0,4,1,0,0,42,12,0
1529,1,4,4,0,0,4,1,3,0,24,3,0
1530,4,0,1,4,0,4,1,0,1,20,1,0
1531,4,0,3,4,0,4,1,2,1,20,1,0
1532,4,0,2,4,0,4,1,2,1,19,1,0
1533,1,2,4,0,0,3,1,2,1,18,1,0
1534,1,2,4,4,0,4,1,3,0,83,1,0
1535,1,2,4,4,0,1,1,0,1,25,2,0
1536,1,2,3,4,0,1,1,2,1,26,2,0
1537,1,3,1,4,3,3,1,3,0,43,1,0
1538,1,6,2,4,0,4,1,3,1,3,1,0
1539,1,0,2,4,0,4,1,2,1,25,1,0
1540,1,1,2,4,0,4,1,3,1,61,1,0
1541,1,6,1,0,0,4,1,3,1,64,1,0
1542,2,6,4,4,0,4,1,0,1,36,8,0
1543,2,0,3,4,0,4,1,0,1,16,10,0
1544,1,2,1,0,0,4,1,0,1,20,9,0
1545,1,1,1,4,0,1,1,0,1,23,9,0
1546,1,4,4,4,0,4,1,3,0,57,1,0
1547,2,6,2,0,0,4,1,2,0,61,1,0
1548,1,4,4,2,0,4,1,3,0,80,0,0
1549,2,0,4,4,0,4,1,0,1,48,9,0
1550,2,2,3,0,0,1,1,3,1,20,1,0
1551,1,3,3,4,0,4,1,3,1,78,0,0
1552,1,6,1,0,3,4,1,3,0,20,10,0
1553,1,4,2,0,3,2,5,0,1,51,10,0
1554,2,0,1,4,0,2,1,3,0,5,1,0
1555,2,2,1,4,0,3,1,0,1,21,1,0
1556,1,2,2,4,3,3,1,3,1,19,13,0
1557,2,1,3,4,3,4,5,0,1,40,10,0
1558,2,5,4,4,0,4,1,0,1,30,12,0
1559,1,5,3,0,3,4,1,2,1,35,0,0
1560,2,6,1,4,0,4,1,0,1,38,9,0
1561,1,4,1,0,3,3,5,3,1,21,1,0
1562,1,2,4,4,0,3,1,2,0,57,13,0
1563,3,3,1,2,3,3,5,2,0,20,1,0
1564,1,2,4,4,0,4,1,3,0,74,1,0
1565,3,3,3,0,0,2,1,0,1,17,8,0
1566,2,1,2,0,0,2,1,2,1,13,1,0
1567,2,1,1,4,0,2,1,0,1,22,12,0
1568,1,5,3,4,0,2,1,3,0,3,1,0
1569,1,6,4,0,0,4,1,3,1,38,1,0
1570,2,4,3,0,3,4,5,0,1,23,10,0
1571,2,0,3,4,0,4,1,0,1,29,12,0
1572,2,2,2,0,0,4,1,0,1,36,9,0
1573,1,3,4,4,0,2,1,2,1,20,1,0
1574,1,5,3,4,0,4,1,3,1,14,1,0
1575,1,6,1,0,0,4,1,3,1,53,1,0
1576,2,6,1,0,0,4,1,0,1,50,9,0
1577,2,0,3,4,0,4,1,0,1,17,10,0
1578,1,0,4,0,0,3,1,3,0,21,13,0
1579,1,2,4,0,0,2,1,2,0,7,2,0
1580,2,3,3,4,0,4,1,0,1,63,9,0
1581,2,6,1,0,0,2,1,0,1,21,9,0
1582,1,4,2,4,0,2,1,3,1,18,1,0
1583,2,4,4,0,0,3,1,0,1,28,10,0
1584,2,0,2,0,0,2,1,0,1,24,12,0
1585,1,0,1,4,0,3,1,3,0,29,0,0
1586,1,2,1,0,0,2,1,3,0,51,1,0
1587,2,1,4,0,0,4,1,0,1,32,10,0
1588,2,5,4,4,0,4,1,0,0,72,1,0
1589,2,6,2,0,0,4,1,0,1,31,12,0
1590,1,1,2,4,0,4,1,3,0,67,1,0
1591,1,1,2,0,0,2,1,3,1,66,1,0
1592,1,1,3,4,0,2,1,3,1,5,1,0
1593,2,5,4,0,0,4,1,0,1,34,12,0
1594,1,5,1,4,0,4,1,3,0,90,1,0
1595,2,5,4,4,0,4,1,3,0,44,1,0
1596,2,5,1,0,0,4,1,0,1,19,10,0
1597,2,5,3,0,0,4,1,0,1,42,9,0
1598,2,1,4,2,0,4,1,0,1,40,12,0
1599,1,1,2,2,0,4,1,3,1,9,1,0
1600,2,1,4,4,0,2,1,0,1,32,12,0
1601,2,5,3,0,0,2,1,0,0,64,11,0
1602,2,5,2,0,0,2,1,0,1,19,1,0
1603,2,5,2,4,0,4,1,0,0,21,12,0
1604,1,0,1,2,0,2,1,3,0,77,1,0
1605,4,3,2,0,0,2,1,2,0,26,8,0
1606,1,3,2,0,0,2,1,0,1,40,9,0
1607,4,6,4,0,3,4,5,0,0,67,1,0
1608,5,2,4,0,3,3,5,2,0,2,1,0
1609,3,2,1,4,3,3,5,0,1,49,13,0
1610,1,1,1,0,0,4,1,3,1,44,0,0
1611,2,1,4,0,0,2,1,0,1,31,12,0
1612,1,1,1,0,0,2,1,3,0,13,1,0
1613,2,6,2,0,0,4,1,0,1,16,12,0
1614,1,3,1,4,0,2,1,0,1,51,9,0
1615,2,5,3,4,0,2,1,0,1,34,12,0
1616,1,6,3,0,3,2,1,0,1,32,1,0
1617,1,6,2,4,0,4,1,3,0,18,1,0
1618,1,4,4,0,3,4,5,3,1,12,1,0
1619,1,1,4,4,0,4,1,3,0,13,1,0
1620,2,1,1,0,3,2,1,0,1,33,12,0
1621,2,5,1,0,3,4,1,0,1,39,12,0
1622,2,6,3,4,0,2,1,0,1,36,12,0
1623,3,4,1,4,0,4,1,0,1,32,8,0
1624,1,3,3,0,0,2,1,0,1,50,1,0
1625,2,3,1,0,0,3,1,0,1,46,1,0
1626,2,4,1,2,0,2,1,0,1,48,12,0
1627,1,0,4,4,0,4,1,3,1,14,5,0
1628,2,2,2,4,0,4,1,0,1,33,12,0
1629,1,3,4,2,0,4,1,3,0,80,1,0
1630,2,3,2,4,0,4,1,0,1,20,12,0
1631,1,3,2,4,0,4,1,3,0,8,2,0
1632,2,1,3,3,0,4,1,0,1,48,1,0
1633,2,1,2,4,0,4,1,3,0,48,13,0
1634,1,1,1,0,0,2,1,0,1,32,10,0
1635,1,1,2,4,0,4,1,3,0,70,1,0
1636,2,6,1,4,0,4,1,0,1,51,12,0
1637,1,4,2,4,0,4,1,3,0,8,5,0
1638,2,0,2,4,0,4,1,2,0,61,10,0
1639,1,0,3,4,0,2,1,3,0,9,1,0
1640,2,3,4,4,0,4,1,0,0,8,12,0
1641,1,1,4,4,0,4,1,3,0,79,3,0
1642,2,4,2,4,0,4,1,0,0,65,11,0
1643,2,0,1,0,3,2,1,0,1,26,9,0
1644,2,3,1,4,0,2,1,0,1,42,12,0
1645,2,5,4,4,0,2,1,0,1,18,10,0
1646,2,5,2,4,0,4,1,0,1,37,12,0
1647,2,6,4,4,0,4,1,3,1,7,1,0
1648,1,6,4,4,0,2,1,3,0,23,1,0
1649,2,6,4,0,0,2,1,0,1,43,9,0
1650,1,6,1,4,0,0,1,3,1,12,1,0
1651,2,4,2,0,0,2,1,0,1,48,12,0
1652,2,4,1,3,0,2,1,2,0,50,9,0
1653,2,4,1,0,0,4,1,0,1,18,1,0
1654,1,0,2,4,0,4,1,3,1,23,0,0
1655,1,3,4,4,3,4,1,3,1,15,1,0
1656,1,3,2,4,3,4,1,3,1,16,1,0
1657,1,5,2,2,0,2,1,3,1,15,1,0
1658,1,4,3,4,0,2,1,2,1,22,1,0
1659,1,4,3,4,0,4,1,3,1,4,1,0
1660,1,2,2,4,0,2,1,3,0,10,1,0
1661,1,2,4,4,0,2,1,3,1,2,1,0
1662,1,2,1,1,0,1,1,0,1,56,1,0
1663,1,5,4,4,0,4,1,3,1,13,2,0
1664,2,6,4,4,0,4,1,0,1,26,10,0
1665,1,6,3,0,0,2,1,0,1,55,9,0
1666,1,2,4,4,0,2,1,3,0,27,1,0
1667,1,3,4,4,0,3,1,3,1,18,1,0
1668,1,1,1,4,0,3,1,0,1,16,5,0
1669,1,2,4,0,0,4,1,0,1,53,12,0
1670,1,2,1,4,0,2,1,3,1,27,1,0
1671,1,4,1,0,0,2,1,2,1,20,1,0
1672,1,0,1,0,0,4,1,0,1,47,9,0
1673,2,0,2,4,0,4,1,0,1,60,1,0
1674,1,3,1,4,0,4,1,3,1,5,1,0
1675,1,1,1,4,0,4,1,3,0,11,1,0
1676,1,6,1,4,3,4,1,3,1,18,1,0
1677,1,4,3,3,0,4,1,0,0,66,11,0
1678,3,0,3,2,0,4,1,0,1,48,5,0
1679,2,2,1,0,0,4,1,0,1,48,12,0
1680,1,5,1,0,0,4,1,2,0,60,1,0
1681,2,6,4,0,0,4,1,0,0,32,1,0
1682,2,6,3,0,0,4,1,0,1,54,9,0
1683,1,0,3,4,3,3,5,3,1,19,1,0
1684,2,0,3,4,0,2,1,0,1,16,5,0
1685,2,2,4,2,0,4,1,0,1,20,10,0
1686,2,5,2,0,0,2,1,0,0,63,1,0
1687,2,6,1,0,3,4,1,0,1,79,10,0
1688,1,4,3,2,0,2,1,0,1,57,12,0
1689,1,0,3,4,3,4,1,3,1,75,1,0
1690,3,0,1,4,0,2,1,0,1,28,2,0
1691,1,0,4,0,0,2,1,3,1,14,0,0
1692,2,2,1,4,3,3,1,2,1,18,1,0
1693,1,2,4,0,0,2,1,0,1,29,9,0
1694,1,1,3,4,0,2,1,3,1,54,1,0
1695,3,1,4,0,0,2,1,0,1,51,12,0
1696,2,5,4,2,0,2,1,3,0,37,1,0
1697,1,6,4,0,0,2,1,3,1,30,1,0
1698,2,4,4,4,0,4,1,0,1,24,10,0
1699,1,0,1,0,3,2,1,3,0,45,1,0
1700,1,0,1,4,0,4,1,3,1,8,1,0
1701,1,2,3,4,0,2,1,0,0,39,1,0
1702,2,1,4,0,0,4,1,0,1,34,9,0
1703,2,1,2,0,0,2,1,0,1,24,1,0
1704,2,1,2,0,0,2,1,2,1,23,1,0
1705,2,5,2,4,0,4,1,0,1,21,10,0
1706,1,6,2,0,0,4,1,2,0,68,0,0
1707,3,3,3,4,0,2,1,0,1,28,1,0
1708,1,5,4,4,3,4,1,0,1,18,10,0
1709,2,5,2,2,0,4,1,0,1,27,12,0
1710,2,6,4,4,3,4,1,0,1,57,12,0
1711,3,4,3,0,0,2,1,0,1,35,1,0
1712,2,2,1,0,0,4,1,0,1,44,1,0
1713,1,2,3,0,0,2,1,0,1,39,9,0
1714,1,1,4,0,0,4,1,3,1,18,1,0
1715,1,5,1,0,3,4,1,2,1,18,1,0
1716,2,6,1,0,3,3,5,0,1,34,12,0
1717,1,6,1,4,3,4,1,3,0,78,1,0
1718,2,0,2,0,0,4,1,0,1,21,10,0
1719,2,0,2,4,0,4,1,0,1,22,5,0
1720,2,0,3,3,0,2,1,0,1,84,1,0
1721,1,2,2,0,0,2,1,3,1,29,1,0
1722,3,3,4,4,0,3,1,0,1,50,1,0
1723,3,3,4,4,0,3,1,2,0,49,1,0
1724,3,3,3,4,0,3,1,2,1,24,1,0
1725,3,3,2,4,0,3,1,2,0,23,1,0
1726,3,3,1,4,0,3,1,2,1,17,1,0
1727,2,6,2,0,0,4,1,0,1,26,12,0
1728,1,4,2,4,0,4,1,3,0,26,1,0
1729,1,0,1,4,3,3,4,3,1,53,1,0
1730,2,2,1,4,0,3,1,2,1,18,1,0
1731,1,2,2,4,0,2,1,3,1,11,1,0
1732,2,3,1,0,0,1,1,0,1,83,1,0
1733,2,1,3,4,3,3,1,0,1,36,1,0
1734,2,1,3,4,3,3,1,2,0,23,1,0
1735,2,1,1,0,3,4,1,0,0,21,12,0
1736,1,4,4,4,0,4,1,3,0,89,1,0
1737,2,2,4,4,0,4,1,0,1,54,9,0
1738,2,3,2,0,0,4,1,2,0,82,1,0
1739,2,3,3,0,3,2,1,0,1,40,12,0
1740,1,1,4,2,3,4,1,3,0,39,1,0
1741,1,1,1,4,3,4,5,3,1,29,1,0
1742,1,6,3,0,0,3,1,3,0,30,1,0
1743,1,4,4,4,0,4,1,3,1,15,1,0
1744,2,2,2,0,3,3,5,2,0,63,1,0
1745,1,3,4,0,0,4,1,3,0,73,5,0
1746,4,5,3,4,3,4,5,0,1,43,1,0
1747,1,5,2,4,0,2,1,3,0,40,1,0
1748,2,6,1,4,0,2,1,0,1,21,12,0
1749,1,6,4,2,3,3,1,0,1,41,1,0
1750,1,4,1,4,0,4,1,3,1,53,1,0
1751,1,4,2,4,0,4,1,2,0,82,0,0
1752,1,4,2,0,1,4,1,0,1,24,8,0
1753,2,4,4,4,0,2,1,0,1,42,12,0
1754,2,0,4,0,0,3,1,0,1,20,12,0
1755,1,2,1,0,0,3,1,3,1,60,1,0
1756,1,2,3,4,0,4,1,3,0,50,1,0
1757,1,4,2,4,3,4,1,0,1,21,1,0
1758,2,0,4,0,3,3,1,0,1,45,12,0
1759,2,0,2,0,0,3,1,2,0,34,1,0
1760,1,3,1,4,0,2,1,3,1,23,1,0
1761,1,0,1,0,3,3,1,2,1,21,1,0
1762,1,3,1,4,0,2,1,3,1,18,1,0
1763,2,6,4,0,3,3,5,0,1,55,8,0
1764,1,6,2,4,3,3,5,0,1,78,1,0
1765,2,4,4,4,3,4,5,0,1,55,1,0
1766,1,4,2,4,0,2,1,3,1,19,1,0
1767,1,0,3,0,0,4,1,3,0,11,1,0
1768,1,0,2,4,0,3,1,3,1,31,1,0
1769,1,1,2,4,3,3,1,3,0,67,1,0
1770,1,0,3,0,0,4,1,3,0,42,1,0
1771,1,3,4,0,3,4,1,3,1,53,1,0
